[{"model": "schools.club", "pk": 1, "fields": {"name": "Taiping Taekwondo Club", "subdomain": "ttc", "logo": "club_logos/logo_uo0Qw3Y.png", "primary_color": "#007bff", "secondary_color": "#6c757d", "email": "amyrul@msn.com", "phone": "0122604141", "address": "Taiping", "website": "", "is_active": true, "subscription_tier": "free", "max_students": 50, "subscription_expiry": null, "created_at": "2026-04-07T13:17:54.568Z", "updated_at": "2026-04-07T13:17:54.568Z"}}, {"model": "schools.club", "pk": 2, "fields": {"name": "Raintown TaeKwonDo Club", "subdomain": "rtc", "logo": "club_logos/raintown_gO435DF.jpg", "primary_color": "#007bff", "secondary_color": "#6c757d", "email": "raintown@msn.com", "phone": "013313120", "address": "Kamunting", "website": "", "is_active": true, "subscription_tier": "free", "max_students": 50, "subscription_expiry": null, "created_at": "2026-04-07T13:19:00.214Z", "updated_at": "2026-04-07T13:19:00.214Z"}}, {"model": "schools.school", "pk": 1, "fields": {"club": 1, "name": "SK KAMPUNG BOYAN", "code": "SKB", "address": "TIAPING PERAK", "phone": "0112345678", "email": "boyan@msn.com", "monthly_fee": "35.00", "is_active": true, "created_at": "2026-04-07T13:22:08.056Z"}}, {"model": "schools.school", "pk": 2, "fields": {"club": 1, "name": "SK SERI AMAN", "code": "SKSA", "address": "TAIPING PERAK", "phone": "0141234651", "email": "SKSA@MSN.COM", "monthly_fee": "35.00", "is_active": true, "created_at": "2026-04-07T13:22:49.447Z"}}, {"model": "schools.school", "pk": 3, "fields": {"club": 1, "name": "SK AYER PUTEH", "code": "SAP", "address": "SIMPANG TAIPING", "phone": "0193125130", "email": "SKP@MSN.CPOM", "monthly_fee": "35.00", "is_active": true, "created_at": "2026-04-07T13:23:25.769Z"}}, {"model": "schools.school", "pk": 4, "fields": {"club": 1, "name": "SK SELAMA", "code": "SKS", "address": "SELAMA PERAK", "phone": "0197893120", "email": "SKS@MSN.COM", "monthly_fee": "35.00", "is_active": true, "created_at": "2026-04-07T13:23:55.613Z"}}, {"model": "schools.school", "pk": 5, "fields": {"club": 1, "name": "PRIMA BAGAN SERAI", "code": "PGS", "address": "BAGAN SERAI PERAK", "phone": "0141236782", "email": "PBS@MSN.COM", "monthly_fee": "40.00", "is_active": true, "created_at": "2026-04-07T13:24:33.563Z"}}, {"model": "schools.school", "pk": 6, "fields": {"club": 2, "name": "SK TAMAN TASIK", "code": "SKTT", "address": "TAMAN TASIK TAIPING", "phone": "0183125230", "email": "SKTT@MSN.COM", "monthly_fee": "35.00", "is_active": true, "created_at": "2026-04-07T13:25:20.932Z"}}, {"model": "schools.school", "pk": 7, "fields": {"club": 2, "name": "SERATAS", "code": "STS", "address": "TAMAN TASIK TAIPING", "phone": "0194321672", "email": "SERATAS@MSN.COM", "monthly_fee": "50.00", "is_active": true, "created_at": "2026-04-07T13:26:00.070Z"}}, {"model": "schools.school", "pk": 8, "fields": {"club": 2, "name": "SK AULONG", "code": "SKA", "address": "ALONG TAIPING", "phone": "0183125671", "email": "SKAULONG@MSN.COM", "monthly_fee": "40.00", "is_active": true, "created_at": "2026-04-07T13:26:32.659Z"}}, {"model": "schools.school", "pk": 9, "fields": {"club": 2, "name": "RainTown Main Academy", "code": "RT001", "address": "Jalan RainTown 1, Kuala Lumpur", "phone": "03-12345678", "email": "", "monthly_fee": "120.00", "is_active": true, "created_at": "2026-04-07T13:54:48.788Z"}}, {"model": "schools.school", "pk": 10, "fields": {"club": 2, "name": "RainTown Bukit Jalil", "code": "RT002", "address": "Bukit Jalil, Kuala Lumpur", "phone": "03-87654321", "email": "", "monthly_fee": "130.00", "is_active": true, "created_at": "2026-04-07T13:54:48.804Z"}}, {"model": "schools.school", "pk": 11, "fields": {"club": 2, "name": "RainTown Puchong", "code": "RT003", "address": "Puchong, Selangor", "phone": "03-11223344", "email": "", "monthly_fee": "110.00", "is_active": true, "created_at": "2026-04-07T13:54:48.820Z"}}, {"model": "schools.userprofile", "pk": 1, "fields": {"user": 2, "role": "club_admin", "club": 1, "phone": "0122604141", "schools": []}}, {"model": "schools.userprofile", "pk": 2, "fields": {"user": 3, "role": "club_admin", "club": 2, "phone": "", "schools": []}}, {"model": "schools.userprofile", "pk": 3, "fields": {"user": 4, "role": "coach", "club": 1, "phone": "0162264972", "schools": [1]}}, {"model": "schools.userprofile", "pk": 4, "fields": {"user": 5, "role": "club_admin", "club": 2, "phone": "012-3456789", "schools": []}}, {"model": "schools.userprofile", "pk": 5, "fields": {"user": 6, "role": "coach", "club": 2, "phone": "012-1112223", "schools": [10]}}, {"model": "schools.userprofile", "pk": 6, "fields": {"user": 7, "role": "coach", "club": 2, "phone": "012-4445556", "schools": [9]}}, {"model": "schools.userprofile", "pk": 7, "fields": {"user": 8, "role": "coach", "club": 2, "phone": "012-7778889", "schools": [9, 10]}}, {"model": "schools.userprofile", "pk": 8, "fields": {"user": 1, "role": "super_admin", "club": null, "phone": "", "schools": []}}, {"model": "schools.contactinfo", "pk": 1, "fields": {"club": 1, "name": "ayie simonm", "role": "Coach", "phone": "0162264972", "email": "ayie@msn.com", "is_emergency": true, "order": 0}}, {"model": "schools.contactinfo", "pk": 2, "fields": {"club": 2, "name": "Ali Bin Ahmad", "role": "Coach", "phone": "012-1112223", "email": "coach_rt_ali@raintown.com", "is_emergency": true, "order": 0}}, {"model": "students.student", "pk": 1, "fields": {"club": 2, "school": 9, "student_id": "RTC2026001", "name": "Muhammad Danish", "ic_number": "050101141234", "date_of_birth": "2015-01-01", "gender": "M", "parent_ic": "800101141234", "belt_rank": "blue_1", "join_date": "2026-04-07", "is_active": true, "phone": "012-3456789", "email": "", "address": "RainTown Main Academy, Malaysia", "emergency_contact": "012-3456789", "emergency_name": "Encik Danish", "medical_conditions": "", "blood_type": "", "created_at": "2026-04-07T13:54:54.161Z", "updated_at": "2026-04-07T13:54:54.161Z"}}, {"model": "students.student", "pk": 2, "fields": {"club": 2, "school": 9, "student_id": "RTC2026002", "name": "Nur Aisyah", "ic_number": "050202145678", "date_of_birth": "2015-02-02", "gender": "F", "parent_ic": "800202145678", "belt_rank": "green_1", "join_date": "2026-04-07", "is_active": true, "phone": "012-3456780", "email": "", "address": "RainTown Main Academy, Malaysia", "emergency_contact": "012-3456780", "emergency_name": "Puan Aisyah", "medical_conditions": "", "blood_type": "", "created_at": "2026-04-07T13:54:55.803Z", "updated_at": "2026-04-07T13:54:55.803Z"}}, {"model": "students.student", "pk": 3, "fields": {"club": 2, "school": 9, "student_id": "RTC2026003", "name": "Lim Zheng Wei", "ic_number": "050303149012", "date_of_birth": "2015-03-03", "gender": "M", "parent_ic": "800303149012", "belt_rank": "yellow_2", "join_date": "2026-04-07", "is_active": true, "phone": "012-3456781", "email": "", "address": "RainTown Main Academy, Malaysia", "emergency_contact": "012-3456781", "emergency_name": "Encik Lim", "medical_conditions": "", "blood_type": "", "created_at": "2026-04-07T13:54:57.476Z", "updated_at": "2026-04-07T13:54:57.476Z"}}, {"model": "students.student", "pk": 4, "fields": {"club": 2, "school": 10, "student_id": "RTC2026004", "name": "Thivya a/p Raj", "ic_number": "060404143456", "date_of_birth": "2016-04-04", "gender": "F", "parent_ic": "810404143456", "belt_rank": "yellow_1", "join_date": "2026-04-07", "is_active": true, "phone": "012-3456782", "email": "", "address": "RainTown Bukit Jalil, Malaysia", "emergency_contact": "012-3456782", "emergency_name": "Encik Raj", "medical_conditions": "", "blood_type": "", "created_at": "2026-04-07T13:54:59.170Z", "updated_at": "2026-04-07T13:54:59.170Z"}}, {"model": "students.student", "pk": 5, "fields": {"club": 2, "school": 10, "student_id": "RTC2026005", "name": "Muhammad Haikal", "ic_number": "060505147890", "date_of_birth": "2016-05-05", "gender": "M", "parent_ic": "810505147890", "belt_rank": "white", "join_date": "2026-04-07", "is_active": true, "phone": "012-3456783", "email": "", "address": "RainTown Bukit Jalil, Malaysia", "emergency_contact": "012-3456783", "emergency_name": "Encik Haikal", "medical_conditions": "", "blood_type": "", "created_at": "2026-04-07T13:55:00.817Z", "updated_at": "2026-04-07T13:55:00.817Z"}}, {"model": "students.student", "pk": 6, "fields": {"club": 2, "school": 11, "student_id": "RTC2026006", "name": "Wong Mei Ling", "ic_number": "070606141234", "date_of_birth": "2017-06-06", "gender": "F", "parent_ic": "820606141234", "belt_rank": "white", "join_date": "2026-04-07", "is_active": true, "phone": "012-3456784", "email": "", "address": "RainTown Puchong, Malaysia", "emergency_contact": "012-3456784", "emergency_name": "Puan Wong", "medical_conditions": "", "blood_type": "", "created_at": "2026-04-07T13:55:02.499Z", "updated_at": "2026-04-07T13:55:02.499Z"}}, {"model": "students.student", "pk": 7, "fields": {"club": 1, "school": 1, "student_id": "TTC2026001", "name": "Haziq", "ic_number": "150728085911", "date_of_birth": "2015-07-28", "gender": "M", "parent_ic": "730728085911", "belt_rank": "white", "join_date": "2026-01-01", "is_active": true, "phone": "0193125120", "email": "", "address": "KAMPONG BOYAN FLAT", "emergency_contact": "0193125120", "emergency_name": "MIA", "medical_conditions": "", "blood_type": "", "created_at": "2026-04-07T14:42:24.534Z", "updated_at": "2026-04-07T14:42:24.534Z"}}, {"model": "students.student", "pk": 8, "fields": {"club": 1, "school": 1, "student_id": "TTC2026002", "name": "MIA", "ic_number": "160728085911", "date_of_birth": "2016-07-28", "gender": "F", "parent_ic": "730728085911", "belt_rank": "white", "join_date": "2026-01-01", "is_active": true, "phone": "0193215120", "email": "", "address": "KAMPUNG BOYANG", "emergency_contact": "0193215120", "emergency_name": "MAK MIA", "medical_conditions": "", "blood_type": "", "created_at": "2026-04-07T14:47:11.291Z", "updated_at": "2026-04-07T14:47:11.291Z"}}, {"model": "students.parent", "pk": 1, "fields": {"user": 9, "student": 1, "phone": "", "relationship": "Parent", "created_at": "2026-04-07T13:54:55.769Z"}}, {"model": "students.parent", "pk": 2, "fields": {"user": 10, "student": 2, "phone": "", "relationship": "Parent", "created_at": "2026-04-07T13:54:57.441Z"}}, {"model": "students.parent", "pk": 3, "fields": {"user": 11, "student": 3, "phone": "", "relationship": "Parent", "created_at": "2026-04-07T13:54:59.136Z"}}, {"model": "students.parent", "pk": 4, "fields": {"user": 12, "student": 4, "phone": "", "relationship": "Parent", "created_at": "2026-04-07T13:55:00.784Z"}}, {"model": "students.parent", "pk": 5, "fields": {"user": 13, "student": 5, "phone": "", "relationship": "Parent", "created_at": "2026-04-07T13:55:02.465Z"}}, {"model": "students.parent", "pk": 6, "fields": {"user": 14, "student": 6, "phone": "", "relationship": "Parent", "created_at": "2026-04-07T13:55:04.115Z"}}, {"model": "students.parent", "pk": 13, "fields": {"user": 21, "student": 7, "phone": "", "relationship": "Parent", "created_at": "2026-04-07T14:42:26.381Z"}}, {"model": "students.parent", "pk": 14, "fields": {"user": 21, "student": 8, "phone": "", "relationship": "Parent", "created_at": "2026-04-07T14:47:11.296Z"}}, {"model": "fees.fee", "pk": 1, "fields": {"student": 1, "fee_type": "monthly", "amount": "120.00", "month": "2026-01-01", "due_date": "2026-02-01", "paid_date": null, "status": "overdue", "receipt_number": null, "notes": "", "created_at": "2026-04-07T13:54:55.771Z", "updated_at": "2026-04-07T13:54:55.771Z"}}, {"model": "fees.fee", "pk": 2, "fields": {"student": 1, "fee_type": "monthly", "amount": "120.00", "month": "2026-02-01", "due_date": "2026-03-01", "paid_date": null, "status": "overdue", "receipt_number": null, "notes": "", "created_at": "2026-04-07T13:54:55.772Z", "updated_at": "2026-04-07T13:54:55.772Z"}}, {"model": "fees.fee", "pk": 3, "fields": {"student": 1, "fee_type": "monthly", "amount": "120.00", "month": "2026-03-01", "due_date": "2026-04-01", "paid_date": null, "status": "overdue", "receipt_number": null, "notes": "", "created_at": "2026-04-07T13:54:55.774Z", "updated_at": "2026-04-07T13:54:55.774Z"}}, {"model": "fees.fee", "pk": 4, "fields": {"student": 1, "fee_type": "monthly", "amount": "120.00", "month": "2026-04-01", "due_date": "2026-05-01", "paid_date": "2026-04-08", "status": "paid", "receipt_number": "REC-000004", "notes": "", "created_at": "2026-04-07T13:54:55.775Z", "updated_at": "2026-04-08T04:27:53.161Z"}}, {"model": "fees.fee", "pk": 5, "fields": {"student": 1, "fee_type": "monthly", "amount": "120.00", "month": "2026-05-01", "due_date": "2026-06-01", "paid_date": null, "status": "pending", "receipt_number": null, "notes": "", "created_at": "2026-04-07T13:54:55.776Z", "updated_at": "2026-04-07T13:54:55.776Z"}}, {"model": "fees.fee", "pk": 6, "fields": {"student": 1, "fee_type": "monthly", "amount": "120.00", "month": "2026-06-01", "due_date": "2026-07-01", "paid_date": null, "status": "pending", "receipt_number": null, "notes": "", "created_at": "2026-04-07T13:54:55.777Z", "updated_at": "2026-04-07T13:54:55.777Z"}}, {"model": "fees.fee", "pk": 7, "fields": {"student": 1, "fee_type": "monthly", "amount": "120.00", "month": "2026-07-01", "due_date": "2026-08-01", "paid_date": null, "status": "pending", "receipt_number": null, "notes": "", "created_at": "2026-04-07T13:54:55.779Z", "updated_at": "2026-04-07T13:54:55.779Z"}}, {"model": "fees.fee", "pk": 8, "fields": {"student": 1, "fee_type": "monthly", "amount": "120.00", "month": "2026-08-01", "due_date": "2026-09-01", "paid_date": null, "status": "pending", "receipt_number": null, "notes": "", "created_at": "2026-04-07T13:54:55.780Z", "updated_at": "2026-04-07T13:54:55.780Z"}}, {"model": "fees.fee", "pk": 9, "fields": {"student": 1, "fee_type": "monthly", "amount": "120.00", "month": "2026-09-01", "due_date": "2026-10-01", "paid_date": null, "status": "pending", "receipt_number": null, "notes": "", "created_at": "2026-04-07T13:54:55.781Z", "updated_at": "2026-04-07T13:54:55.781Z"}}, {"model": "fees.fee", "pk": 10, "fields": {"student": 1, "fee_type": "monthly", "amount": "120.00", "month": "2026-10-01", "due_date": "2026-11-01", "paid_date": null, "status": "pending", "receipt_number": null, "notes": "", "created_at": "2026-04-07T13:54:55.783Z", "updated_at": "2026-04-07T13:54:55.783Z"}}, {"model": "fees.fee", "pk": 11, "fields": {"student": 1, "fee_type": "monthly", "amount": "120.00", "month": "2026-11-01", "due_date": "2026-12-01", "paid_date": null, "status": "pending", "receipt_number": null, "notes": "", "created_at": "2026-04-07T13:54:55.784Z", "updated_at": "2026-04-07T13:54:55.784Z"}}, {"model": "fees.fee", "pk": 12, "fields": {"student": 1, "fee_type": "monthly", "amount": "120.00", "month": "2026-12-01", "due_date": "2027-01-01", "paid_date": null, "status": "pending", "receipt_number": null, "notes": "", "created_at": "2026-04-07T13:54:55.785Z", "updated_at": "2026-04-07T13:54:55.785Z"}}, {"model": "fees.fee", "pk": 13, "fields": {"student": 2, "fee_type": "monthly", "amount": "120.00", "month": "2026-01-01", "due_date": "2026-02-01", "paid_date": null, "status": "overdue", "receipt_number": null, "notes": "", "created_at": "2026-04-07T13:54:57.443Z", "updated_at": "2026-04-07T13:54:57.443Z"}}, {"model": "fees.fee", "pk": 14, "fields": {"student": 2, "fee_type": "monthly", "amount": "120.00", "month": "2026-02-01", "due_date": "2026-03-01", "paid_date": null, "status": "overdue", "receipt_number": null, "notes": "", "created_at": "2026-04-07T13:54:57.444Z", "updated_at": "2026-04-07T13:54:57.444Z"}}, {"model": "fees.fee", "pk": 15, "fields": {"student": 2, "fee_type": "monthly", "amount": "120.00", "month": "2026-03-01", "due_date": "2026-04-01", "paid_date": null, "status": "overdue", "receipt_number": null, "notes": "", "created_at": "2026-04-07T13:54:57.446Z", "updated_at": "2026-04-07T13:54:57.446Z"}}, {"model": "fees.fee", "pk": 16, "fields": {"student": 2, "fee_type": "monthly", "amount": "120.00", "month": "2026-04-01", "due_date": "2026-05-01", "paid_date": null, "status": "pending", "receipt_number": null, "notes": "", "created_at": "2026-04-07T13:54:57.447Z", "updated_at": "2026-04-07T13:54:57.447Z"}}, {"model": "fees.fee", "pk": 17, "fields": {"student": 2, "fee_type": "monthly", "amount": "120.00", "month": "2026-05-01", "due_date": "2026-06-01", "paid_date": null, "status": "pending", "receipt_number": null, "notes": "", "created_at": "2026-04-07T13:54:57.448Z", "updated_at": "2026-04-07T13:54:57.448Z"}}, {"model": "fees.fee", "pk": 18, "fields": {"student": 2, "fee_type": "monthly", "amount": "120.00", "month": "2026-06-01", "due_date": "2026-07-01", "paid_date": null, "status": "pending", "receipt_number": null, "notes": "", "created_at": "2026-04-07T13:54:57.449Z", "updated_at": "2026-04-07T13:54:57.449Z"}}, {"model": "fees.fee", "pk": 19, "fields": {"student": 2, "fee_type": "monthly", "amount": "120.00", "month": "2026-07-01", "due_date": "2026-08-01", "paid_date": null, "status": "pending", "receipt_number": null, "notes": "", "created_at": "2026-04-07T13:54:57.451Z", "updated_at": "2026-04-07T13:54:57.451Z"}}, {"model": "fees.fee", "pk": 20, "fields": {"student": 2, "fee_type": "monthly", "amount": "120.00", "month": "2026-08-01", "due_date": "2026-09-01", "paid_date": null, "status": "pending", "receipt_number": null, "notes": "", "created_at": "2026-04-07T13:54:57.452Z", "updated_at": "2026-04-07T13:54:57.452Z"}}, {"model": "fees.fee", "pk": 21, "fields": {"student": 2, "fee_type": "monthly", "amount": "120.00", "month": "2026-09-01", "due_date": "2026-10-01", "paid_date": null, "status": "pending", "receipt_number": null, "notes": "", "created_at": "2026-04-07T13:54:57.453Z", "updated_at": "2026-04-07T13:54:57.453Z"}}, {"model": "fees.fee", "pk": 22, "fields": {"student": 2, "fee_type": "monthly", "amount": "120.00", "month": "2026-10-01", "due_date": "2026-11-01", "paid_date": null, "status": "pending", "receipt_number": null, "notes": "", "created_at": "2026-04-07T13:54:57.454Z", "updated_at": "2026-04-07T13:54:57.454Z"}}, {"model": "fees.fee", "pk": 23, "fields": {"student": 2, "fee_type": "monthly", "amount": "120.00", "month": "2026-11-01", "due_date": "2026-12-01", "paid_date": null, "status": "pending", "receipt_number": null, "notes": "", "created_at": "2026-04-07T13:54:57.456Z", "updated_at": "2026-04-07T13:54:57.456Z"}}, {"model": "fees.fee", "pk": 24, "fields": {"student": 2, "fee_type": "monthly", "amount": "120.00", "month": "2026-12-01", "due_date": "2027-01-01", "paid_date": null, "status": "pending", "receipt_number": null, "notes": "", "created_at": "2026-04-07T13:54:57.457Z", "updated_at": "2026-04-07T13:54:57.457Z"}}, {"model": "fees.fee", "pk": 25, "fields": {"student": 3, "fee_type": "monthly", "amount": "120.00", "month": "2026-01-01", "due_date": "2026-02-01", "paid_date": null, "status": "overdue", "receipt_number": null, "notes": "", "created_at": "2026-04-07T13:54:59.138Z", "updated_at": "2026-04-07T13:54:59.138Z"}}, {"model": "fees.fee", "pk": 26, "fields": {"student": 3, "fee_type": "monthly", "amount": "120.00", "month": "2026-02-01", "due_date": "2026-03-01", "paid_date": null, "status": "overdue", "receipt_number": null, "notes": "", "created_at": "2026-04-07T13:54:59.139Z", "updated_at": "2026-04-07T13:54:59.139Z"}}, {"model": "fees.fee", "pk": 27, "fields": {"student": 3, "fee_type": "monthly", "amount": "120.00", "month": "2026-03-01", "due_date": "2026-04-01", "paid_date": null, "status": "overdue", "receipt_number": null, "notes": "", "created_at": "2026-04-07T13:54:59.140Z", "updated_at": "2026-04-07T13:54:59.140Z"}}, {"model": "fees.fee", "pk": 28, "fields": {"student": 3, "fee_type": "monthly", "amount": "120.00", "month": "2026-04-01", "due_date": "2026-05-01", "paid_date": null, "status": "pending", "receipt_number": null, "notes": "", "created_at": "2026-04-07T13:54:59.142Z", "updated_at": "2026-04-07T13:54:59.142Z"}}, {"model": "fees.fee", "pk": 29, "fields": {"student": 3, "fee_type": "monthly", "amount": "120.00", "month": "2026-05-01", "due_date": "2026-06-01", "paid_date": null, "status": "pending", "receipt_number": null, "notes": "", "created_at": "2026-04-07T13:54:59.143Z", "updated_at": "2026-04-07T13:54:59.143Z"}}, {"model": "fees.fee", "pk": 30, "fields": {"student": 3, "fee_type": "monthly", "amount": "120.00", "month": "2026-06-01", "due_date": "2026-07-01", "paid_date": null, "status": "pending", "receipt_number": null, "notes": "", "created_at": "2026-04-07T13:54:59.145Z", "updated_at": "2026-04-07T13:54:59.145Z"}}, {"model": "fees.fee", "pk": 31, "fields": {"student": 3, "fee_type": "monthly", "amount": "120.00", "month": "2026-07-01", "due_date": "2026-08-01", "paid_date": null, "status": "pending", "receipt_number": null, "notes": "", "created_at": "2026-04-07T13:54:59.146Z", "updated_at": "2026-04-07T13:54:59.146Z"}}, {"model": "fees.fee", "pk": 32, "fields": {"student": 3, "fee_type": "monthly", "amount": "120.00", "month": "2026-08-01", "due_date": "2026-09-01", "paid_date": null, "status": "pending", "receipt_number": null, "notes": "", "created_at": "2026-04-07T13:54:59.148Z", "updated_at": "2026-04-07T13:54:59.148Z"}}, {"model": "fees.fee", "pk": 33, "fields": {"student": 3, "fee_type": "monthly", "amount": "120.00", "month": "2026-09-01", "due_date": "2026-10-01", "paid_date": null, "status": "pending", "receipt_number": null, "notes": "", "created_at": "2026-04-07T13:54:59.149Z", "updated_at": "2026-04-07T13:54:59.149Z"}}, {"model": "fees.fee", "pk": 34, "fields": {"student": 3, "fee_type": "monthly", "amount": "120.00", "month": "2026-10-01", "due_date": "2026-11-01", "paid_date": null, "status": "pending", "receipt_number": null, "notes": "", "created_at": "2026-04-07T13:54:59.150Z", "updated_at": "2026-04-07T13:54:59.150Z"}}, {"model": "fees.fee", "pk": 35, "fields": {"student": 3, "fee_type": "monthly", "amount": "120.00", "month": "2026-11-01", "due_date": "2026-12-01", "paid_date": null, "status": "pending", "receipt_number": null, "notes": "", "created_at": "2026-04-07T13:54:59.152Z", "updated_at": "2026-04-07T13:54:59.152Z"}}, {"model": "fees.fee", "pk": 36, "fields": {"student": 3, "fee_type": "monthly", "amount": "120.00", "month": "2026-12-01", "due_date": "2027-01-01", "paid_date": null, "status": "pending", "receipt_number": null, "notes": "", "created_at": "2026-04-07T13:54:59.153Z", "updated_at": "2026-04-07T13:54:59.153Z"}}, {"model": "fees.fee", "pk": 37, "fields": {"student": 4, "fee_type": "monthly", "amount": "130.00", "month": "2026-01-01", "due_date": "2026-02-01", "paid_date": null, "status": "overdue", "receipt_number": null, "notes": "", "created_at": "2026-04-07T13:55:00.786Z", "updated_at": "2026-04-07T13:55:00.786Z"}}, {"model": "fees.fee", "pk": 38, "fields": {"student": 4, "fee_type": "monthly", "amount": "130.00", "month": "2026-02-01", "due_date": "2026-03-01", "paid_date": null, "status": "overdue", "receipt_number": null, "notes": "", "created_at": "2026-04-07T13:55:00.787Z", "updated_at": "2026-04-07T13:55:00.787Z"}}, {"model": "fees.fee", "pk": 39, "fields": {"student": 4, "fee_type": "monthly", "amount": "130.00", "month": "2026-03-01", "due_date": "2026-04-01", "paid_date": null, "status": "overdue", "receipt_number": null, "notes": "", "created_at": "2026-04-07T13:55:00.788Z", "updated_at": "2026-04-07T13:55:00.788Z"}}, {"model": "fees.fee", "pk": 40, "fields": {"student": 4, "fee_type": "monthly", "amount": "130.00", "month": "2026-04-01", "due_date": "2026-05-01", "paid_date": null, "status": "pending", "receipt_number": null, "notes": "", "created_at": "2026-04-07T13:55:00.789Z", "updated_at": "2026-04-07T13:55:00.790Z"}}, {"model": "fees.fee", "pk": 41, "fields": {"student": 4, "fee_type": "monthly", "amount": "130.00", "month": "2026-05-01", "due_date": "2026-06-01", "paid_date": null, "status": "pending", "receipt_number": null, "notes": "", "created_at": "2026-04-07T13:55:00.791Z", "updated_at": "2026-04-07T13:55:00.791Z"}}, {"model": "fees.fee", "pk": 42, "fields": {"student": 4, "fee_type": "monthly", "amount": "130.00", "month": "2026-06-01", "due_date": "2026-07-01", "paid_date": null, "status": "pending", "receipt_number": null, "notes": "", "created_at": "2026-04-07T13:55:00.792Z", "updated_at": "2026-04-07T13:55:00.792Z"}}, {"model": "fees.fee", "pk": 43, "fields": {"student": 4, "fee_type": "monthly", "amount": "130.00", "month": "2026-07-01", "due_date": "2026-08-01", "paid_date": null, "status": "pending", "receipt_number": null, "notes": "", "created_at": "2026-04-07T13:55:00.793Z", "updated_at": "2026-04-07T13:55:00.793Z"}}, {"model": "fees.fee", "pk": 44, "fields": {"student": 4, "fee_type": "monthly", "amount": "130.00", "month": "2026-08-01", "due_date": "2026-09-01", "paid_date": null, "status": "pending", "receipt_number": null, "notes": "", "created_at": "2026-04-07T13:55:00.794Z", "updated_at": "2026-04-07T13:55:00.794Z"}}, {"model": "fees.fee", "pk": 45, "fields": {"student": 4, "fee_type": "monthly", "amount": "130.00", "month": "2026-09-01", "due_date": "2026-10-01", "paid_date": null, "status": "pending", "receipt_number": null, "notes": "", "created_at": "2026-04-07T13:55:00.795Z", "updated_at": "2026-04-07T13:55:00.795Z"}}, {"model": "fees.fee", "pk": 46, "fields": {"student": 4, "fee_type": "monthly", "amount": "130.00", "month": "2026-10-01", "due_date": "2026-11-01", "paid_date": null, "status": "pending", "receipt_number": null, "notes": "", "created_at": "2026-04-07T13:55:00.797Z", "updated_at": "2026-04-07T13:55:00.797Z"}}, {"model": "fees.fee", "pk": 47, "fields": {"student": 4, "fee_type": "monthly", "amount": "130.00", "month": "2026-11-01", "due_date": "2026-12-01", "paid_date": null, "status": "pending", "receipt_number": null, "notes": "", "created_at": "2026-04-07T13:55:00.798Z", "updated_at": "2026-04-07T13:55:00.798Z"}}, {"model": "fees.fee", "pk": 48, "fields": {"student": 4, "fee_type": "monthly", "amount": "130.00", "month": "2026-12-01", "due_date": "2027-01-01", "paid_date": null, "status": "pending", "receipt_number": null, "notes": "", "created_at": "2026-04-07T13:55:00.799Z", "updated_at": "2026-04-07T13:55:00.799Z"}}, {"model": "fees.fee", "pk": 49, "fields": {"student": 5, "fee_type": "monthly", "amount": "130.00", "month": "2026-01-01", "due_date": "2026-02-01", "paid_date": null, "status": "overdue", "receipt_number": null, "notes": "", "created_at": "2026-04-07T13:55:02.466Z", "updated_at": "2026-04-07T13:55:02.466Z"}}, {"model": "fees.fee", "pk": 50, "fields": {"student": 5, "fee_type": "monthly", "amount": "130.00", "month": "2026-02-01", "due_date": "2026-03-01", "paid_date": null, "status": "overdue", "receipt_number": null, "notes": "", "created_at": "2026-04-07T13:55:02.468Z", "updated_at": "2026-04-07T13:55:02.468Z"}}, {"model": "fees.fee", "pk": 51, "fields": {"student": 5, "fee_type": "monthly", "amount": "130.00", "month": "2026-03-01", "due_date": "2026-04-01", "paid_date": null, "status": "overdue", "receipt_number": null, "notes": "", "created_at": "2026-04-07T13:55:02.469Z", "updated_at": "2026-04-07T13:55:02.469Z"}}, {"model": "fees.fee", "pk": 52, "fields": {"student": 5, "fee_type": "monthly", "amount": "130.00", "month": "2026-04-01", "due_date": "2026-05-01", "paid_date": null, "status": "pending", "receipt_number": null, "notes": "", "created_at": "2026-04-07T13:55:02.470Z", "updated_at": "2026-04-07T13:55:02.470Z"}}, {"model": "fees.fee", "pk": 53, "fields": {"student": 5, "fee_type": "monthly", "amount": "130.00", "month": "2026-05-01", "due_date": "2026-06-01", "paid_date": null, "status": "pending", "receipt_number": null, "notes": "", "created_at": "2026-04-07T13:55:02.472Z", "updated_at": "2026-04-07T13:55:02.472Z"}}, {"model": "fees.fee", "pk": 54, "fields": {"student": 5, "fee_type": "monthly", "amount": "130.00", "month": "2026-06-01", "due_date": "2026-07-01", "paid_date": null, "status": "pending", "receipt_number": null, "notes": "", "created_at": "2026-04-07T13:55:02.473Z", "updated_at": "2026-04-07T13:55:02.473Z"}}, {"model": "fees.fee", "pk": 55, "fields": {"student": 5, "fee_type": "monthly", "amount": "130.00", "month": "2026-07-01", "due_date": "2026-08-01", "paid_date": null, "status": "pending", "receipt_number": null, "notes": "", "created_at": "2026-04-07T13:55:02.474Z", "updated_at": "2026-04-07T13:55:02.474Z"}}, {"model": "fees.fee", "pk": 56, "fields": {"student": 5, "fee_type": "monthly", "amount": "130.00", "month": "2026-08-01", "due_date": "2026-09-01", "paid_date": null, "status": "pending", "receipt_number": null, "notes": "", "created_at": "2026-04-07T13:55:02.475Z", "updated_at": "2026-04-07T13:55:02.475Z"}}, {"model": "fees.fee", "pk": 57, "fields": {"student": 5, "fee_type": "monthly", "amount": "130.00", "month": "2026-09-01", "due_date": "2026-10-01", "paid_date": null, "status": "pending", "receipt_number": null, "notes": "", "created_at": "2026-04-07T13:55:02.476Z", "updated_at": "2026-04-07T13:55:02.476Z"}}, {"model": "fees.fee", "pk": 58, "fields": {"student": 5, "fee_type": "monthly", "amount": "130.00", "month": "2026-10-01", "due_date": "2026-11-01", "paid_date": null, "status": "pending", "receipt_number": null, "notes": "", "created_at": "2026-04-07T13:55:02.477Z", "updated_at": "2026-04-07T13:55:02.477Z"}}, {"model": "fees.fee", "pk": 59, "fields": {"student": 5, "fee_type": "monthly", "amount": "130.00", "month": "2026-11-01", "due_date": "2026-12-01", "paid_date": null, "status": "pending", "receipt_number": null, "notes": "", "created_at": "2026-04-07T13:55:02.478Z", "updated_at": "2026-04-07T13:55:02.478Z"}}, {"model": "fees.fee", "pk": 60, "fields": {"student": 5, "fee_type": "monthly", "amount": "130.00", "month": "2026-12-01", "due_date": "2027-01-01", "paid_date": null, "status": "pending", "receipt_number": null, "notes": "", "created_at": "2026-04-07T13:55:02.479Z", "updated_at": "2026-04-07T13:55:02.479Z"}}, {"model": "fees.fee", "pk": 61, "fields": {"student": 6, "fee_type": "monthly", "amount": "110.00", "month": "2026-01-01", "due_date": "2026-02-01", "paid_date": null, "status": "overdue", "receipt_number": null, "notes": "", "created_at": "2026-04-07T13:55:04.117Z", "updated_at": "2026-04-07T13:55:04.117Z"}}, {"model": "fees.fee", "pk": 62, "fields": {"student": 6, "fee_type": "monthly", "amount": "110.00", "month": "2026-02-01", "due_date": "2026-03-01", "paid_date": null, "status": "overdue", "receipt_number": null, "notes": "", "created_at": "2026-04-07T13:55:04.118Z", "updated_at": "2026-04-07T13:55:04.118Z"}}, {"model": "fees.fee", "pk": 63, "fields": {"student": 6, "fee_type": "monthly", "amount": "110.00", "month": "2026-03-01", "due_date": "2026-04-01", "paid_date": null, "status": "overdue", "receipt_number": null, "notes": "", "created_at": "2026-04-07T13:55:04.119Z", "updated_at": "2026-04-07T13:55:04.119Z"}}, {"model": "fees.fee", "pk": 64, "fields": {"student": 6, "fee_type": "monthly", "amount": "110.00", "month": "2026-04-01", "due_date": "2026-05-01", "paid_date": null, "status": "pending", "receipt_number": null, "notes": "", "created_at": "2026-04-07T13:55:04.120Z", "updated_at": "2026-04-07T13:55:04.120Z"}}, {"model": "fees.fee", "pk": 65, "fields": {"student": 6, "fee_type": "monthly", "amount": "110.00", "month": "2026-05-01", "due_date": "2026-06-01", "paid_date": null, "status": "pending", "receipt_number": null, "notes": "", "created_at": "2026-04-07T13:55:04.122Z", "updated_at": "2026-04-07T13:55:04.122Z"}}, {"model": "fees.fee", "pk": 66, "fields": {"student": 6, "fee_type": "monthly", "amount": "110.00", "month": "2026-06-01", "due_date": "2026-07-01", "paid_date": null, "status": "pending", "receipt_number": null, "notes": "", "created_at": "2026-04-07T13:55:04.123Z", "updated_at": "2026-04-07T13:55:04.123Z"}}, {"model": "fees.fee", "pk": 67, "fields": {"student": 6, "fee_type": "monthly", "amount": "110.00", "month": "2026-07-01", "due_date": "2026-08-01", "paid_date": null, "status": "pending", "receipt_number": null, "notes": "", "created_at": "2026-04-07T13:55:04.124Z", "updated_at": "2026-04-07T13:55:04.124Z"}}, {"model": "fees.fee", "pk": 68, "fields": {"student": 6, "fee_type": "monthly", "amount": "110.00", "month": "2026-08-01", "due_date": "2026-09-01", "paid_date": null, "status": "pending", "receipt_number": null, "notes": "", "created_at": "2026-04-07T13:55:04.125Z", "updated_at": "2026-04-07T13:55:04.125Z"}}, {"model": "fees.fee", "pk": 69, "fields": {"student": 6, "fee_type": "monthly", "amount": "110.00", "month": "2026-09-01", "due_date": "2026-10-01", "paid_date": null, "status": "pending", "receipt_number": null, "notes": "", "created_at": "2026-04-07T13:55:04.126Z", "updated_at": "2026-04-07T13:55:04.126Z"}}, {"model": "fees.fee", "pk": 70, "fields": {"student": 6, "fee_type": "monthly", "amount": "110.00", "month": "2026-10-01", "due_date": "2026-11-01", "paid_date": null, "status": "pending", "receipt_number": null, "notes": "", "created_at": "2026-04-07T13:55:04.128Z", "updated_at": "2026-04-07T13:55:04.128Z"}}, {"model": "fees.fee", "pk": 71, "fields": {"student": 6, "fee_type": "monthly", "amount": "110.00", "month": "2026-11-01", "due_date": "2026-12-01", "paid_date": null, "status": "pending", "receipt_number": null, "notes": "", "created_at": "2026-04-07T13:55:04.129Z", "updated_at": "2026-04-07T13:55:04.129Z"}}, {"model": "fees.fee", "pk": 72, "fields": {"student": 6, "fee_type": "monthly", "amount": "110.00", "month": "2026-12-01", "due_date": "2027-01-01", "paid_date": null, "status": "pending", "receipt_number": null, "notes": "", "created_at": "2026-04-07T13:55:04.130Z", "updated_at": "2026-04-07T13:55:04.130Z"}}, {"model": "fees.fee", "pk": 73, "fields": {"student": 7, "fee_type": "monthly", "amount": "35.00", "month": "2026-01-01", "due_date": "2026-02-01", "paid_date": "2026-04-07", "status": "paid", "receipt_number": "REC-000073", "notes": "", "created_at": "2026-04-07T14:42:26.383Z", "updated_at": "2026-04-08T04:25:40.438Z"}}, {"model": "fees.fee", "pk": 74, "fields": {"student": 7, "fee_type": "monthly", "amount": "35.00", "month": "2026-02-01", "due_date": "2026-03-01", "paid_date": "2026-04-07", "status": "paid", "receipt_number": "REC-000074", "notes": "", "created_at": "2026-04-07T14:42:26.385Z", "updated_at": "2026-04-08T04:25:40.455Z"}}, {"model": "fees.fee", "pk": 75, "fields": {"student": 7, "fee_type": "monthly", "amount": "35.00", "month": "2026-03-01", "due_date": "2026-04-01", "paid_date": null, "status": "overdue", "receipt_number": null, "notes": "", "created_at": "2026-04-07T14:42:26.386Z", "updated_at": "2026-04-07T14:42:26.386Z"}}, {"model": "fees.fee", "pk": 76, "fields": {"student": 7, "fee_type": "monthly", "amount": "35.00", "month": "2026-04-01", "due_date": "2026-05-01", "paid_date": null, "status": "pending", "receipt_number": null, "notes": "", "created_at": "2026-04-07T14:42:26.387Z", "updated_at": "2026-04-07T14:42:26.387Z"}}, {"model": "fees.fee", "pk": 77, "fields": {"student": 7, "fee_type": "monthly", "amount": "35.00", "month": "2026-05-01", "due_date": "2026-06-01", "paid_date": null, "status": "pending", "receipt_number": null, "notes": "", "created_at": "2026-04-07T14:42:26.388Z", "updated_at": "2026-04-07T14:42:26.388Z"}}, {"model": "fees.fee", "pk": 78, "fields": {"student": 7, "fee_type": "monthly", "amount": "35.00", "month": "2026-06-01", "due_date": "2026-07-01", "paid_date": null, "status": "pending", "receipt_number": null, "notes": "", "created_at": "2026-04-07T14:42:26.389Z", "updated_at": "2026-04-07T14:42:26.389Z"}}, {"model": "fees.fee", "pk": 79, "fields": {"student": 7, "fee_type": "monthly", "amount": "35.00", "month": "2026-07-01", "due_date": "2026-08-01", "paid_date": null, "status": "pending", "receipt_number": null, "notes": "", "created_at": "2026-04-07T14:42:26.390Z", "updated_at": "2026-04-07T14:42:26.390Z"}}, {"model": "fees.fee", "pk": 80, "fields": {"student": 7, "fee_type": "monthly", "amount": "35.00", "month": "2026-08-01", "due_date": "2026-09-01", "paid_date": null, "status": "pending", "receipt_number": null, "notes": "", "created_at": "2026-04-07T14:42:26.392Z", "updated_at": "2026-04-07T14:42:26.392Z"}}, {"model": "fees.fee", "pk": 81, "fields": {"student": 7, "fee_type": "monthly", "amount": "35.00", "month": "2026-09-01", "due_date": "2026-10-01", "paid_date": null, "status": "pending", "receipt_number": null, "notes": "", "created_at": "2026-04-07T14:42:26.395Z", "updated_at": "2026-04-07T14:42:26.395Z"}}, {"model": "fees.fee", "pk": 82, "fields": {"student": 7, "fee_type": "monthly", "amount": "35.00", "month": "2026-10-01", "due_date": "2026-11-01", "paid_date": null, "status": "pending", "receipt_number": null, "notes": "", "created_at": "2026-04-07T14:42:26.397Z", "updated_at": "2026-04-07T14:42:26.397Z"}}, {"model": "fees.fee", "pk": 83, "fields": {"student": 7, "fee_type": "monthly", "amount": "35.00", "month": "2026-11-01", "due_date": "2026-12-01", "paid_date": null, "status": "pending", "receipt_number": null, "notes": "", "created_at": "2026-04-07T14:42:26.399Z", "updated_at": "2026-04-07T14:42:26.399Z"}}, {"model": "fees.fee", "pk": 84, "fields": {"student": 7, "fee_type": "monthly", "amount": "35.00", "month": "2026-12-01", "due_date": "2027-01-01", "paid_date": null, "status": "pending", "receipt_number": null, "notes": "", "created_at": "2026-04-07T14:42:26.400Z", "updated_at": "2026-04-07T14:42:26.401Z"}}, {"model": "fees.fee", "pk": 85, "fields": {"student": 8, "fee_type": "monthly", "amount": "35.00", "month": "2026-01-01", "due_date": "2026-02-01", "paid_date": "2026-04-07", "status": "paid", "receipt_number": "REC-000085", "notes": "", "created_at": "2026-04-07T14:47:11.298Z", "updated_at": "2026-04-08T04:25:40.470Z"}}, {"model": "fees.fee", "pk": 86, "fields": {"student": 8, "fee_type": "monthly", "amount": "35.00", "month": "2026-02-01", "due_date": "2026-03-01", "paid_date": null, "status": "overdue", "receipt_number": null, "notes": "", "created_at": "2026-04-07T14:47:11.301Z", "updated_at": "2026-04-07T14:47:11.301Z"}}, {"model": "fees.fee", "pk": 87, "fields": {"student": 8, "fee_type": "monthly", "amount": "35.00", "month": "2026-03-01", "due_date": "2026-04-01", "paid_date": null, "status": "overdue", "receipt_number": null, "notes": "", "created_at": "2026-04-07T14:47:11.303Z", "updated_at": "2026-04-07T14:47:11.303Z"}}, {"model": "fees.fee", "pk": 88, "fields": {"student": 8, "fee_type": "monthly", "amount": "35.00", "month": "2026-04-01", "due_date": "2026-05-01", "paid_date": null, "status": "pending", "receipt_number": null, "notes": "", "created_at": "2026-04-07T14:47:11.305Z", "updated_at": "2026-04-07T14:47:11.305Z"}}, {"model": "fees.fee", "pk": 89, "fields": {"student": 8, "fee_type": "monthly", "amount": "35.00", "month": "2026-05-01", "due_date": "2026-06-01", "paid_date": null, "status": "pending", "receipt_number": null, "notes": "", "created_at": "2026-04-07T14:47:11.306Z", "updated_at": "2026-04-07T14:47:11.306Z"}}, {"model": "fees.fee", "pk": 90, "fields": {"student": 8, "fee_type": "monthly", "amount": "35.00", "month": "2026-06-01", "due_date": "2026-07-01", "paid_date": null, "status": "pending", "receipt_number": null, "notes": "", "created_at": "2026-04-07T14:47:11.308Z", "updated_at": "2026-04-07T14:47:11.308Z"}}, {"model": "fees.fee", "pk": 91, "fields": {"student": 8, "fee_type": "monthly", "amount": "35.00", "month": "2026-07-01", "due_date": "2026-08-01", "paid_date": null, "status": "pending", "receipt_number": null, "notes": "", "created_at": "2026-04-07T14:47:11.310Z", "updated_at": "2026-04-07T14:47:11.310Z"}}, {"model": "fees.fee", "pk": 92, "fields": {"student": 8, "fee_type": "monthly", "amount": "35.00", "month": "2026-08-01", "due_date": "2026-09-01", "paid_date": null, "status": "pending", "receipt_number": null, "notes": "", "created_at": "2026-04-07T14:47:11.311Z", "updated_at": "2026-04-07T14:47:11.311Z"}}, {"model": "fees.fee", "pk": 93, "fields": {"student": 8, "fee_type": "monthly", "amount": "35.00", "month": "2026-09-01", "due_date": "2026-10-01", "paid_date": null, "status": "pending", "receipt_number": null, "notes": "", "created_at": "2026-04-07T14:47:11.312Z", "updated_at": "2026-04-07T14:47:11.312Z"}}, {"model": "fees.fee", "pk": 94, "fields": {"student": 8, "fee_type": "monthly", "amount": "35.00", "month": "2026-10-01", "due_date": "2026-11-01", "paid_date": null, "status": "pending", "receipt_number": null, "notes": "", "created_at": "2026-04-07T14:47:11.314Z", "updated_at": "2026-04-07T14:47:11.314Z"}}, {"model": "fees.fee", "pk": 95, "fields": {"student": 8, "fee_type": "monthly", "amount": "35.00", "month": "2026-11-01", "due_date": "2026-12-01", "paid_date": null, "status": "pending", "receipt_number": null, "notes": "", "created_at": "2026-04-07T14:47:11.316Z", "updated_at": "2026-04-07T14:47:11.316Z"}}, {"model": "fees.fee", "pk": 96, "fields": {"student": 8, "fee_type": "monthly", "amount": "35.00", "month": "2026-12-01", "due_date": "2027-01-01", "paid_date": null, "status": "pending", "receipt_number": null, "notes": "", "created_at": "2026-04-07T14:47:11.318Z", "updated_at": "2026-04-07T14:47:11.318Z"}}, {"model": "fees.fee", "pk": 97, "fields": {"student": 7, "fee_type": "tshirt", "amount": "45.00", "month": null, "due_date": "2026-01-31", "paid_date": null, "status": "overdue", "receipt_number": null, "notes": "T-ShirtTaekwondo", "created_at": "2026-04-09T04:50:30.743Z", "updated_at": "2026-04-09T05:05:06.378Z"}}]
