-- MySQL dump 10.13  Distrib 8.0.45, for Win64 (x86_64)
--
-- Host: localhost    Database: taekwondo_db
-- ------------------------------------------------------
-- Server version	8.0.45

/*!40101 SET @OLD_CHARACTER_SET_CLIENT=@@CHARACTER_SET_CLIENT */;
/*!40101 SET @OLD_CHARACTER_SET_RESULTS=@@CHARACTER_SET_RESULTS */;
/*!40101 SET @OLD_COLLATION_CONNECTION=@@COLLATION_CONNECTION */;
/*!50503 SET NAMES utf8mb4 */;
/*!40103 SET @OLD_TIME_ZONE=@@TIME_ZONE */;
/*!40103 SET TIME_ZONE='+00:00' */;
/*!40014 SET @OLD_UNIQUE_CHECKS=@@UNIQUE_CHECKS, UNIQUE_CHECKS=0 */;
/*!40014 SET @OLD_FOREIGN_KEY_CHECKS=@@FOREIGN_KEY_CHECKS, FOREIGN_KEY_CHECKS=0 */;
/*!40101 SET @OLD_SQL_MODE=@@SQL_MODE, SQL_MODE='NO_AUTO_VALUE_ON_ZERO' */;
/*!40111 SET @OLD_SQL_NOTES=@@SQL_NOTES, SQL_NOTES=0 */;

--
-- Table structure for table `attendance_attendance`
--

DROP TABLE IF EXISTS `attendance_attendance`;
/*!40101 SET @saved_cs_client     = @@character_set_client */;
/*!50503 SET character_set_client = utf8mb4 */;
CREATE TABLE `attendance_attendance` (
  `id` bigint NOT NULL AUTO_INCREMENT,
  `date` date NOT NULL,
  `check_in_time` time(6) DEFAULT NULL,
  `class_type` varchar(20) NOT NULL,
  `instructor` varchar(100) NOT NULL,
  `is_present` tinyint(1) NOT NULL,
  `notes` longtext NOT NULL,
  `created_at` datetime(6) NOT NULL,
  `student_id` bigint NOT NULL,
  PRIMARY KEY (`id`),
  UNIQUE KEY `attendance_attendance_student_id_date_167892e4_uniq` (`student_id`,`date`),
  CONSTRAINT `attendance_attendance_student_id_94863613_fk_students_student_id` FOREIGN KEY (`student_id`) REFERENCES `students_student` (`id`)
) ENGINE=InnoDB DEFAULT CHARSET=utf8mb4 COLLATE=utf8mb4_0900_ai_ci;
/*!40101 SET character_set_client = @saved_cs_client */;

--
-- Dumping data for table `attendance_attendance`
--

LOCK TABLES `attendance_attendance` WRITE;
/*!40000 ALTER TABLE `attendance_attendance` DISABLE KEYS */;
/*!40000 ALTER TABLE `attendance_attendance` ENABLE KEYS */;
UNLOCK TABLES;

--
-- Table structure for table `auth_group`
--

DROP TABLE IF EXISTS `auth_group`;
/*!40101 SET @saved_cs_client     = @@character_set_client */;
/*!50503 SET character_set_client = utf8mb4 */;
CREATE TABLE `auth_group` (
  `id` int NOT NULL AUTO_INCREMENT,
  `name` varchar(150) NOT NULL,
  PRIMARY KEY (`id`),
  UNIQUE KEY `name` (`name`)
) ENGINE=InnoDB AUTO_INCREMENT=3 DEFAULT CHARSET=utf8mb4 COLLATE=utf8mb4_0900_ai_ci;
/*!40101 SET character_set_client = @saved_cs_client */;

--
-- Dumping data for table `auth_group`
--

LOCK TABLES `auth_group` WRITE;
/*!40000 ALTER TABLE `auth_group` DISABLE KEYS */;
INSERT INTO `auth_group` VALUES (1,'Club Admin'),(2,'Coach');
/*!40000 ALTER TABLE `auth_group` ENABLE KEYS */;
UNLOCK TABLES;

--
-- Table structure for table `auth_group_permissions`
--

DROP TABLE IF EXISTS `auth_group_permissions`;
/*!40101 SET @saved_cs_client     = @@character_set_client */;
/*!50503 SET character_set_client = utf8mb4 */;
CREATE TABLE `auth_group_permissions` (
  `id` bigint NOT NULL AUTO_INCREMENT,
  `group_id` int NOT NULL,
  `permission_id` int NOT NULL,
  PRIMARY KEY (`id`),
  UNIQUE KEY `auth_group_permissions_group_id_permission_id_0cd325b0_uniq` (`group_id`,`permission_id`),
  KEY `auth_group_permissio_permission_id_84c5c92e_fk_auth_perm` (`permission_id`),
  CONSTRAINT `auth_group_permissio_permission_id_84c5c92e_fk_auth_perm` FOREIGN KEY (`permission_id`) REFERENCES `auth_permission` (`id`),
  CONSTRAINT `auth_group_permissions_group_id_b120cbf9_fk_auth_group_id` FOREIGN KEY (`group_id`) REFERENCES `auth_group` (`id`)
) ENGINE=InnoDB AUTO_INCREMENT=14 DEFAULT CHARSET=utf8mb4 COLLATE=utf8mb4_0900_ai_ci;
/*!40101 SET character_set_client = @saved_cs_client */;

--
-- Dumping data for table `auth_group_permissions`
--

LOCK TABLES `auth_group_permissions` WRITE;
/*!40000 ALTER TABLE `auth_group_permissions` DISABLE KEYS */;
INSERT INTO `auth_group_permissions` VALUES (9,1,13),(10,1,14),(11,1,15),(12,1,16),(1,1,41),(2,1,42),(3,1,43),(4,1,44),(5,1,49),(6,1,50),(7,1,51),(8,1,52),(13,2,44);
/*!40000 ALTER TABLE `auth_group_permissions` ENABLE KEYS */;
UNLOCK TABLES;

--
-- Table structure for table `auth_permission`
--

DROP TABLE IF EXISTS `auth_permission`;
/*!40101 SET @saved_cs_client     = @@character_set_client */;
/*!50503 SET character_set_client = utf8mb4 */;
CREATE TABLE `auth_permission` (
  `id` int NOT NULL AUTO_INCREMENT,
  `name` varchar(255) NOT NULL,
  `content_type_id` int NOT NULL,
  `codename` varchar(100) NOT NULL,
  PRIMARY KEY (`id`),
  UNIQUE KEY `auth_permission_content_type_id_codename_01ab375a_uniq` (`content_type_id`,`codename`),
  CONSTRAINT `auth_permission_content_type_id_2f476e4b_fk_django_co` FOREIGN KEY (`content_type_id`) REFERENCES `django_content_type` (`id`)
) ENGINE=InnoDB AUTO_INCREMENT=69 DEFAULT CHARSET=utf8mb4 COLLATE=utf8mb4_0900_ai_ci;
/*!40101 SET character_set_client = @saved_cs_client */;

--
-- Dumping data for table `auth_permission`
--

LOCK TABLES `auth_permission` WRITE;
/*!40000 ALTER TABLE `auth_permission` DISABLE KEYS */;
INSERT INTO `auth_permission` VALUES (1,'Can add log entry',1,'add_logentry'),(2,'Can change log entry',1,'change_logentry'),(3,'Can delete log entry',1,'delete_logentry'),(4,'Can view log entry',1,'view_logentry'),(5,'Can add permission',2,'add_permission'),(6,'Can change permission',2,'change_permission'),(7,'Can delete permission',2,'delete_permission'),(8,'Can view permission',2,'view_permission'),(9,'Can add group',3,'add_group'),(10,'Can change group',3,'change_group'),(11,'Can delete group',3,'delete_group'),(12,'Can view group',3,'view_group'),(13,'Can add user',4,'add_user'),(14,'Can change user',4,'change_user'),(15,'Can delete user',4,'delete_user'),(16,'Can view user',4,'view_user'),(17,'Can add content type',5,'add_contenttype'),(18,'Can change content type',5,'change_contenttype'),(19,'Can delete content type',5,'delete_contenttype'),(20,'Can view content type',5,'view_contenttype'),(21,'Can add session',6,'add_session'),(22,'Can change session',6,'change_session'),(23,'Can delete session',6,'delete_session'),(24,'Can view session',6,'view_session'),(25,'Can add Token',7,'add_token'),(26,'Can change Token',7,'change_token'),(27,'Can delete Token',7,'delete_token'),(28,'Can view Token',7,'view_token'),(29,'Can add Token',8,'add_tokenproxy'),(30,'Can change Token',8,'change_tokenproxy'),(31,'Can delete Token',8,'delete_tokenproxy'),(32,'Can view Token',8,'view_tokenproxy'),(33,'Can add club',9,'add_club'),(34,'Can change club',9,'change_club'),(35,'Can delete club',9,'delete_club'),(36,'Can view club',9,'view_club'),(37,'Can add contact info',10,'add_contactinfo'),(38,'Can change contact info',10,'change_contactinfo'),(39,'Can delete contact info',10,'delete_contactinfo'),(40,'Can view contact info',10,'view_contactinfo'),(41,'Can add school',11,'add_school'),(42,'Can change school',11,'change_school'),(43,'Can delete school',11,'delete_school'),(44,'Can view school',11,'view_school'),(45,'Can add class schedule',12,'add_classschedule'),(46,'Can change class schedule',12,'change_classschedule'),(47,'Can delete class schedule',12,'delete_classschedule'),(48,'Can view class schedule',12,'view_classschedule'),(49,'Can add user profile',13,'add_userprofile'),(50,'Can change user profile',13,'change_userprofile'),(51,'Can delete user profile',13,'delete_userprofile'),(52,'Can view user profile',13,'view_userprofile'),(53,'Can add student',14,'add_student'),(54,'Can change student',14,'change_student'),(55,'Can delete student',14,'delete_student'),(56,'Can view student',14,'view_student'),(57,'Can add parent',17,'add_parent'),(58,'Can change parent',17,'change_parent'),(59,'Can delete parent',17,'delete_parent'),(60,'Can view parent',17,'view_parent'),(61,'Can add fee',15,'add_fee'),(62,'Can change fee',15,'change_fee'),(63,'Can delete fee',15,'delete_fee'),(64,'Can view fee',15,'view_fee'),(65,'Can add attendance',16,'add_attendance'),(66,'Can change attendance',16,'change_attendance'),(67,'Can delete attendance',16,'delete_attendance'),(68,'Can view attendance',16,'view_attendance');
/*!40000 ALTER TABLE `auth_permission` ENABLE KEYS */;
UNLOCK TABLES;

--
-- Table structure for table `auth_user`
--

DROP TABLE IF EXISTS `auth_user`;
/*!40101 SET @saved_cs_client     = @@character_set_client */;
/*!50503 SET character_set_client = utf8mb4 */;
CREATE TABLE `auth_user` (
  `id` int NOT NULL AUTO_INCREMENT,
  `password` varchar(128) NOT NULL,
  `last_login` datetime(6) DEFAULT NULL,
  `is_superuser` tinyint(1) NOT NULL,
  `username` varchar(150) NOT NULL,
  `first_name` varchar(150) NOT NULL,
  `last_name` varchar(150) NOT NULL,
  `email` varchar(254) NOT NULL,
  `is_staff` tinyint(1) NOT NULL,
  `is_active` tinyint(1) NOT NULL,
  `date_joined` datetime(6) NOT NULL,
  PRIMARY KEY (`id`),
  UNIQUE KEY `username` (`username`)
) ENGINE=InnoDB AUTO_INCREMENT=44 DEFAULT CHARSET=utf8mb4 COLLATE=utf8mb4_0900_ai_ci;
/*!40101 SET character_set_client = @saved_cs_client */;

--
-- Dumping data for table `auth_user`
--

LOCK TABLES `auth_user` WRITE;
/*!40000 ALTER TABLE `auth_user` DISABLE KEYS */;
INSERT INTO `auth_user` VALUES (1,'pbkdf2_sha256$1200000$GQH5LZKvJQFevht2T9wMRD$9Zz82WB9HmY2CKP3JEMyMO6sqkG5jwwYAdN2Yd3RyTQ=','2026-04-15 21:12:53.150655',1,'joe','','','amyrul@msn.com',1,1,'2026-04-09 05:25:33.574075'),(2,'pbkdf2_sha256$720000$m5NhgVufRnm9hgst3w6oYB$690FgM/JHVwT9m2Hn0dqjqnIegZWmflCoxEr48dNs64=','2026-04-09 06:09:38.292920',0,'ayie','Master','Ayie','',1,1,'2026-04-09 05:52:45.000000'),(3,'pbkdf2_sha256$1200000$sKUqoYU8J6zB4gZAWgVJZV$y4K6uV7kvhVKEJn4RuQ88blyuUfkdEOySFAFGRY3V0E=','2026-04-16 10:37:36.090822',0,'amirul','Master','Amirul','',1,1,'2026-04-09 06:01:43.000000'),(4,'pbkdf2_sha256$720000$EIPeSehSebfKfXGffapTe4$pTHbscy1C70bNhl/GR1ymoE2F5G49uLp35PF4l4gw0s=','2026-04-14 02:01:40.726891',0,'ttcadmin','','','',1,1,'2026-04-09 06:43:52.000000'),(5,'pbkdf2_sha256$1200000$yLCICNrG979MmsxHx9GsEC$wUOWiC2g71okq0yH3ShojqkAayQe/Z60Sp957Vy2mLM=',NULL,0,'parent_ttc_880316355173','','','parent_ttc_880316355173@example.com',0,1,'2026-04-14 02:07:12.536729'),(6,'pbkdf2_sha256$1200000$AWRRnkh0YpTEEHH09JcINK$DfQhNex24RvnVQd0dCVF+uL4lOhgHZpRGLr8oe3bRLY=',NULL,0,'parent_ttc_800316035548','','','parent_ttc_800316035548@example.com',0,1,'2026-04-14 02:12:16.084296'),(7,'pbkdf2_sha256$1200000$9dMhbFHbDYeu9ANmlKy01z$t3Z24ZcXp1w/K8Zkwh1KWAiASIbY3eIg8fF/Rj88yks=',NULL,0,'parent_ttc_830918086200','','','parent_ttc_830918086200@example.com',0,1,'2026-04-14 02:19:54.689105'),(8,'pbkdf2_sha256$1200000$KBW2IMvXLZRPEeT0YA0B7f$nPkYnVjpuuF5zPWaWi4B+3uRIUlbv2MEhTLitua8c1E=',NULL,0,'parent_ttc_840413035239','','','parent_ttc_840413035239@example.com',0,1,'2026-04-14 02:25:51.907251'),(9,'pbkdf2_sha256$1200000$VbquHsL7AcVQUNO1Ojlojl$/R1Yv/BgruBVTiXK9x/+bJBswlQXeHtnE2nZpKRsuFI=',NULL,0,'parent_ttc_740401087180','','','parent_ttc_740401087180@example.com',0,1,'2026-04-14 02:35:37.025964'),(10,'pbkdf2_sha256$1200000$8F9KeXqvNtAeKyDrR3Pwjn$e55+5+hbHCaHrADw3KDdOzgEzNUGeWvI0PRtyIPtSTY=',NULL,0,'parent_ttc_820615085017','','','parent_ttc_820615085017@example.com',0,1,'2026-04-14 02:58:44.513951'),(11,'pbkdf2_sha256$1200000$AzfqPvBWhy8V2ZwMsnP2f9$wFWus2IeUWCcir1fazSc64lyZ/gSWD6jNYWJVlDfEy0=',NULL,0,'parent_ttc_800711085166','','','parent_ttc_800711085166@example.com',0,1,'2026-04-14 03:01:59.582580'),(12,'pbkdf2_sha256$1200000$6SQB0uyyWqxVmB8gz1OaYz$kb7wkvlHwfp+FUWKGHajPGSuU9mQR1ZdgHWpug3goz4=',NULL,0,'parent_ttc_740903086292','','','parent_ttc_740903086292@example.com',0,1,'2026-04-14 03:12:10.029133'),(13,'pbkdf2_sha256$1200000$dR4kum30diYgDXpr1XZk5v$dCyntnsu8lIRYDg1vVvhDG8E3FXPR88rx7UOuyB2CCg=',NULL,0,'parent_ttc_841029086597','','','parent_ttc_841029086597@example.com',0,1,'2026-04-14 03:15:21.698830'),(14,'pbkdf2_sha256$1200000$zcYV7LVq4DkxzDPCiKhdt5$eCkAxKMsAxawyuh8D2Ecb2ZLCBYCgaDGAOrk+e5IjTA=',NULL,0,'parent_ttc_790911025460','','','parent_ttc_790911025460@example.com',0,1,'2026-04-14 03:18:24.605302'),(15,'pbkdf2_sha256$1200000$zcc7sA11B20tqYux49osaA$e6iYRPL+5rYk1L5m0CvU1Gz+AX2HzTxeMePMFN1aNU0=',NULL,0,'parent_ttc_861228085288','','','parent_ttc_861228085288@example.com',0,1,'2026-04-14 03:21:48.402389'),(16,'pbkdf2_sha256$1200000$Cp8AKMR4VQf1mVv5oHR706$q4T/KE77PAxCOnLME9nmJb/hvHElRKCvFbmqqBT9PrU=',NULL,0,'parent_ttc_880829085164','','','parent_ttc_880829085164@example.com',0,1,'2026-04-14 03:24:00.180103'),(17,'pbkdf2_sha256$1200000$r7OSYbYqAEKgnDxGWLhxfi$BT/7JvsFa1cNYjwieX14FSvKEiAOXzfoX9I+urCnwUU=',NULL,0,'parent_ttc_770327036218','','','parent_ttc_770327036218@example.com',0,1,'2026-04-14 03:26:16.983917'),(18,'pbkdf2_sha256$1200000$XzHpWmxmFzVLBhs4MK7cn3$TW1HWDcdQSPk94jdq8yZXvOJejFIOJ2cBB7LkwyNh2M=',NULL,0,'parent_ttc_630911084407','','','parent_ttc_630911084407@example.com',0,1,'2026-04-14 03:31:29.642229'),(19,'pbkdf2_sha256$1200000$0SGi7JgVzZanvmcFkt2ocy$FMlrAyC883o0b946oev5Q78KXdJib0rKgnOWu/IKfmc=',NULL,0,'parent_ttc_860426295098','','','parent_ttc_860426295098@example.com',0,1,'2026-04-14 03:34:30.580671'),(20,'pbkdf2_sha256$1200000$mpawBpvFjYeqhv5L6oIaRM$hFjoDiDmy23VbwoO7/mBfWwtzKCWBHu1dqrAS30buSM=',NULL,0,'parent_ttc_760922086341','','','parent_ttc_760922086341@example.com',0,1,'2026-04-14 03:48:00.103578'),(21,'pbkdf2_sha256$1200000$2V0L0CTz5AKsphaaJLva09$5CPPDUGc5M5FrozRFTrgKL3XUw59uwwW43SKdBvP+d8=',NULL,0,'parent_ttc_891013075514','','','parent_ttc_891013075514@example.com',0,1,'2026-04-14 03:51:50.420000'),(22,'pbkdf2_sha256$1200000$CbJkxuo9mTE3b5qeCfISUy$7yPXQZSVxtp1S9ksTKl6+n/i1zmMlKMvQoEWHZ50Fw4=',NULL,0,'parent_ttc_881214086165','','','parent_ttc_881214086165@example.com',0,1,'2026-04-14 03:54:33.498437'),(23,'pbkdf2_sha256$1200000$v3wgdQg4eNbUi3kLajG9oG$m9/MGwZ0p8WWjglzL/QW3JlK+tg0m6cIKlS5wFPtKS8=',NULL,0,'parent_ttc_851108086009','','','parent_ttc_851108086009@example.com',0,1,'2026-04-14 03:59:47.610137'),(24,'pbkdf2_sha256$1200000$477SXxqsMiVvX9NXvknNtV$U+uTlmMzvDu4rwKux2IS1UpReJNyQjeZN7p00zIIkAc=',NULL,0,'parent_ttc_880122085363','','','parent_ttc_880122085363@example.com',0,1,'2026-04-14 04:04:22.895893'),(25,'pbkdf2_sha256$1200000$nQgaTP1QJUtL1Ewkb1Fg3C$KYB3o8BoOrg+++St1y2+hynqPo0uFvompQq3nkJthN8=',NULL,0,'parent_ttc_841224085071','','','parent_ttc_841224085071@example.com',0,1,'2026-04-14 04:06:50.737500'),(26,'pbkdf2_sha256$1200000$hBR9fNzRmRr5AQXjv3k6Te$VxbY4J3ydnfT8+FdKPMwOtpOd+9KVyZjwQgowU5w/YQ=',NULL,0,'parent_ttc_841112086184','','','parent_ttc_841112086184@example.com',0,1,'2026-04-14 04:18:51.476333'),(27,'pbkdf2_sha256$1200000$7uOHJWnsvHsosCT0CXfiQ4$g0Z1zIc6NErMmJClHul/lJWSEaGwTPjT57qyQeSvp7s=',NULL,0,'parent_ttc_870422025814','','','parent_ttc_870422025814@example.com',0,1,'2026-04-14 04:22:11.124956'),(28,'pbkdf2_sha256$1200000$5BAAvnURbJa7xj4SrNVMn8$+wDQD/vc210KL5OwIvSVFGkQTaDvcygTjkp7Xm1KQu8=',NULL,0,'parent_ttc_900805086256','','','parent_ttc_900805086256@example.com',0,1,'2026-04-14 04:27:10.051174'),(29,'pbkdf2_sha256$1200000$S6saGcfX2sXlyxMmCFwSTa$ovVkIEVaJQW4TsThAFXq30YGrvIka9wyiVfu1GyXVm0=',NULL,0,'parent_ttc_840228045355','','','parent_ttc_840228045355@example.com',0,1,'2026-04-14 04:29:53.984061'),(30,'pbkdf2_sha256$1200000$T4KWbZ2VMqjkgh0IFPyT0w$HC352GThZzFbkQp0/Pm96TJCKkDZGhR2iCL8N2KuMKk=',NULL,0,'parent_ttc_911222085052','','','parent_ttc_911222085052@example.com',0,1,'2026-04-14 04:34:49.708349'),(31,'pbkdf2_sha256$1200000$jSYZ1qf2U5HCpo0FRDuEIy$2K1qKvMtO4OZvBc3Ia35YjDU3xzwmgIch5x6PHC0MnU=',NULL,0,'parent_ttc_710812086695','','','parent_ttc_710812086695@example.com',0,1,'2026-04-14 04:39:14.579702'),(32,'pbkdf2_sha256$1200000$VlBiZRLQoQerpSXem10wY5$3QGhL5rCa14PGC7LlVYH9ZKKFZKjyHJX15QC9LFw81Y=',NULL,0,'parent_ttc_810326086292','','','parent_ttc_810326086292@example.com',0,1,'2026-04-14 04:58:06.501885'),(33,'pbkdf2_sha256$1200000$m5GEsiMH5XpUz1AexOxXY5$GobNtbPpqWhM8CeiVmqP9uDQVO8U3CHY6/Gmk8DvBKQ=',NULL,0,'parent_ttc_850514065508','','','parent_ttc_850514065508@example.com',0,1,'2026-04-14 05:01:04.357335'),(34,'pbkdf2_sha256$1200000$nJJozH1MI9xvXJhz4JjpJw$I7Lx40Iv9J00ZBBZqGpT7hvy4jh5UGp7f1UerbBnB+E=',NULL,0,'parent_ttc_750307065443','','','parent_ttc_750307065443@example.com',0,1,'2026-04-14 05:14:34.514571'),(35,'pbkdf2_sha256$1200000$AZ5Razcisni8BfnUbt7xJi$EsGoz+Cl+FcuFU25qWr+ynxRbddMCuPsm4pYNqs/b1w=',NULL,0,'parent_ttc_820202135143','','','parent_ttc_820202135143@example.com',0,1,'2026-04-14 05:25:27.204455'),(36,'pbkdf2_sha256$1200000$oIfq9hUIVfvVGDKq8kEBV6$tVkSsJ5vC42JCFbnhhBaviMFb9eyCWxe0BA/95857+s=',NULL,0,'parent_ttc_900225025203','','','parent_ttc_900225025203@example.com',0,1,'2026-04-14 05:29:05.662006'),(37,'pbkdf2_sha256$1200000$xfJQPVHXPLmiFYPWV0E9ei$rDsXOhCzpf0wnqidrXMD5JmN8jVJ04ITdKvpAdphqhk=',NULL,0,'parent_ttc_850317085745','','','parent_ttc_850317085745@example.com',0,1,'2026-04-14 05:31:41.922537'),(38,'pbkdf2_sha256$1200000$Q6n1jJuv63LGrjdyTnP7n6$G8BonVHGyiqm3jFdF0atoFjdOQiLlzQNzOX2qjQKR3s=',NULL,0,'parent_ttc_870214146099','','','parent_ttc_870214146099@example.com',0,1,'2026-04-14 05:36:34.810312'),(39,'pbkdf2_sha256$1200000$TEvMCbugnaDg4aTKmC5Bln$iNhh8EwMCSRZwOCpJYvfCzLkcuLdnFMCj0OaeuEV1JA=',NULL,0,'parent_ttc_780928035711','','','parent_ttc_780928035711@example.com',0,1,'2026-04-14 05:45:39.932551'),(40,'pbkdf2_sha256$1200000$j5csFmEsMBTEEXhzOrlKrA$LpIWJL4W5+ilBs0OLL55e5OoGFY929LFVNEHK/ttpOs=',NULL,0,'parent_ttc_840527085904','','','parent_ttc_840527085904@example.com',0,1,'2026-04-14 05:55:29.029475'),(41,'pbkdf2_sha256$1200000$YQgSQAVI5iGrGZsdRfLcFB$l/LJ3QHdsMN/yoZQeoDvGjH48NLRWeqQ2bGotJHSyEY=',NULL,0,'parent_ttc_911228085862','','','parent_ttc_911228085862@example.com',0,1,'2026-04-14 05:58:18.254956'),(42,'pbkdf2_sha256$1200000$hG9mAAMhL9O0tPsAvkMTcO$7E6jiImiEYPypyWEzGVbV1vW3mY2Oc57Ri5X7+D6Rv8=',NULL,0,'parent_ttc_930526086226','','','parent_ttc_930526086226@example.com',0,1,'2026-04-14 06:05:52.541500'),(43,'pbkdf2_sha256$1200000$nS1g4qz2uKhD6C5HnE15F4$4WiO1QHRMgef9vaLH1tqgSAskZoUO7ThrCl7jlN4fX0=',NULL,0,'parent_ttc_851204015824','','','parent_ttc_851204015824@example.com',0,1,'2026-04-14 06:08:20.486405');
/*!40000 ALTER TABLE `auth_user` ENABLE KEYS */;
UNLOCK TABLES;

--
-- Table structure for table `auth_user_groups`
--

DROP TABLE IF EXISTS `auth_user_groups`;
/*!40101 SET @saved_cs_client     = @@character_set_client */;
/*!50503 SET character_set_client = utf8mb4 */;
CREATE TABLE `auth_user_groups` (
  `id` bigint NOT NULL AUTO_INCREMENT,
  `user_id` int NOT NULL,
  `group_id` int NOT NULL,
  PRIMARY KEY (`id`),
  UNIQUE KEY `auth_user_groups_user_id_group_id_94350c0c_uniq` (`user_id`,`group_id`),
  KEY `auth_user_groups_group_id_97559544_fk_auth_group_id` (`group_id`),
  CONSTRAINT `auth_user_groups_group_id_97559544_fk_auth_group_id` FOREIGN KEY (`group_id`) REFERENCES `auth_group` (`id`),
  CONSTRAINT `auth_user_groups_user_id_6a12ed8b_fk_auth_user_id` FOREIGN KEY (`user_id`) REFERENCES `auth_user` (`id`)
) ENGINE=InnoDB AUTO_INCREMENT=4 DEFAULT CHARSET=utf8mb4 COLLATE=utf8mb4_0900_ai_ci;
/*!40101 SET character_set_client = @saved_cs_client */;

--
-- Dumping data for table `auth_user_groups`
--

LOCK TABLES `auth_user_groups` WRITE;
/*!40000 ALTER TABLE `auth_user_groups` DISABLE KEYS */;
INSERT INTO `auth_user_groups` VALUES (1,2,2),(2,3,2),(3,4,1);
/*!40000 ALTER TABLE `auth_user_groups` ENABLE KEYS */;
UNLOCK TABLES;

--
-- Table structure for table `auth_user_user_permissions`
--

DROP TABLE IF EXISTS `auth_user_user_permissions`;
/*!40101 SET @saved_cs_client     = @@character_set_client */;
/*!50503 SET character_set_client = utf8mb4 */;
CREATE TABLE `auth_user_user_permissions` (
  `id` bigint NOT NULL AUTO_INCREMENT,
  `user_id` int NOT NULL,
  `permission_id` int NOT NULL,
  PRIMARY KEY (`id`),
  UNIQUE KEY `auth_user_user_permissions_user_id_permission_id_14a6b632_uniq` (`user_id`,`permission_id`),
  KEY `auth_user_user_permi_permission_id_1fbb5f2c_fk_auth_perm` (`permission_id`),
  CONSTRAINT `auth_user_user_permi_permission_id_1fbb5f2c_fk_auth_perm` FOREIGN KEY (`permission_id`) REFERENCES `auth_permission` (`id`),
  CONSTRAINT `auth_user_user_permissions_user_id_a95ead1b_fk_auth_user_id` FOREIGN KEY (`user_id`) REFERENCES `auth_user` (`id`)
) ENGINE=InnoDB AUTO_INCREMENT=57 DEFAULT CHARSET=utf8mb4 COLLATE=utf8mb4_0900_ai_ci;
/*!40101 SET character_set_client = @saved_cs_client */;

--
-- Dumping data for table `auth_user_user_permissions`
--

LOCK TABLES `auth_user_user_permissions` WRITE;
/*!40000 ALTER TABLE `auth_user_user_permissions` DISABLE KEYS */;
INSERT INTO `auth_user_user_permissions` VALUES (2,2,53),(3,2,54),(4,2,55),(5,2,56),(6,2,57),(7,2,58),(8,2,59),(9,2,60),(10,2,61),(11,2,62),(12,2,63),(1,2,64),(29,2,65),(30,2,66),(31,2,67),(32,2,68),(18,3,53),(19,3,54),(20,3,55),(21,3,56),(22,3,57),(23,3,58),(24,3,59),(25,3,60),(26,3,61),(27,3,62),(28,3,63),(13,3,64),(14,3,65),(15,3,66),(16,3,67),(17,3,68),(33,4,13),(34,4,14),(35,4,15),(36,4,16),(37,4,41),(38,4,42),(39,4,43),(40,4,44),(41,4,49),(42,4,50),(43,4,51),(44,4,52),(45,4,53),(46,4,54),(47,4,55),(48,4,56),(49,4,57),(50,4,58),(51,4,59),(52,4,60),(53,4,61),(54,4,62),(55,4,64),(56,4,68);
/*!40000 ALTER TABLE `auth_user_user_permissions` ENABLE KEYS */;
UNLOCK TABLES;

--
-- Table structure for table `authtoken_token`
--

DROP TABLE IF EXISTS `authtoken_token`;
/*!40101 SET @saved_cs_client     = @@character_set_client */;
/*!50503 SET character_set_client = utf8mb4 */;
CREATE TABLE `authtoken_token` (
  `key` varchar(40) NOT NULL,
  `created` datetime(6) NOT NULL,
  `user_id` int NOT NULL,
  PRIMARY KEY (`key`),
  UNIQUE KEY `user_id` (`user_id`),
  CONSTRAINT `authtoken_token_user_id_35299eff_fk_auth_user_id` FOREIGN KEY (`user_id`) REFERENCES `auth_user` (`id`)
) ENGINE=InnoDB DEFAULT CHARSET=utf8mb4 COLLATE=utf8mb4_0900_ai_ci;
/*!40101 SET character_set_client = @saved_cs_client */;

--
-- Dumping data for table `authtoken_token`
--

LOCK TABLES `authtoken_token` WRITE;
/*!40000 ALTER TABLE `authtoken_token` DISABLE KEYS */;
INSERT INTO `authtoken_token` VALUES ('a92c8fddf1909924aa439c5f83acf0b72f1753c2','2026-04-15 18:17:18.971954',19);
/*!40000 ALTER TABLE `authtoken_token` ENABLE KEYS */;
UNLOCK TABLES;

--
-- Table structure for table `django_admin_log`
--

DROP TABLE IF EXISTS `django_admin_log`;
/*!40101 SET @saved_cs_client     = @@character_set_client */;
/*!50503 SET character_set_client = utf8mb4 */;
CREATE TABLE `django_admin_log` (
  `id` int NOT NULL AUTO_INCREMENT,
  `action_time` datetime(6) NOT NULL,
  `object_id` longtext,
  `object_repr` varchar(200) NOT NULL,
  `action_flag` smallint unsigned NOT NULL,
  `change_message` longtext NOT NULL,
  `content_type_id` int DEFAULT NULL,
  `user_id` int NOT NULL,
  PRIMARY KEY (`id`),
  KEY `django_admin_log_content_type_id_c4bce8eb_fk_django_co` (`content_type_id`),
  KEY `django_admin_log_user_id_c564eba6_fk_auth_user_id` (`user_id`),
  CONSTRAINT `django_admin_log_content_type_id_c4bce8eb_fk_django_co` FOREIGN KEY (`content_type_id`) REFERENCES `django_content_type` (`id`),
  CONSTRAINT `django_admin_log_user_id_c564eba6_fk_auth_user_id` FOREIGN KEY (`user_id`) REFERENCES `auth_user` (`id`),
  CONSTRAINT `django_admin_log_chk_1` CHECK ((`action_flag` >= 0))
) ENGINE=InnoDB AUTO_INCREMENT=98 DEFAULT CHARSET=utf8mb4 COLLATE=utf8mb4_0900_ai_ci;
/*!40101 SET character_set_client = @saved_cs_client */;

--
-- Dumping data for table `django_admin_log`
--

LOCK TABLES `django_admin_log` WRITE;
/*!40000 ALTER TABLE `django_admin_log` DISABLE KEYS */;
INSERT INTO `django_admin_log` VALUES (1,'2026-04-09 05:39:07.704179','1','Taekwondo System (ts)',1,'[{\"added\": {}}]',9,1),(2,'2026-04-09 05:39:16.657293','1','Taekwondo System (ts)',2,'[]',9,1),(3,'2026-04-09 05:43:40.252647','2','Taiping Taekwondo Club (ttc)',1,'[{\"added\": {}}]',9,1),(4,'2026-04-09 05:49:39.005288','3','Raintown TaeKwonDo Club (rtc)',1,'[{\"added\": {}}]',9,1),(5,'2026-04-09 05:52:39.914314','1','Taiping Taekwondo Club - SK KAMPUNG BOYAN',1,'[{\"added\": {}}]',11,1),(6,'2026-04-09 05:52:46.221750','2','ayie',1,'[{\"added\": {}}, {\"added\": {\"name\": \"user profile\", \"object\": \"ayie - coach (Taiping Taekwondo Club)\"}}]',4,1),(7,'2026-04-09 05:53:38.144497','2','ayie',2,'[{\"changed\": {\"fields\": [\"Staff status\", \"Groups\", \"User permissions\"]}}]',4,1),(8,'2026-04-09 05:57:45.337311','2','Taiping Taekwondo Club - SK AYER PUTIH',1,'[{\"added\": {}}]',11,1),(9,'2026-04-09 05:58:29.293184','3','Taiping Taekwondo Club - SK SERI AMAN',1,'[{\"added\": {}}]',11,1),(10,'2026-04-09 06:00:27.200446','4','Taiping Taekwondo Club - SK SELAMA',1,'[{\"added\": {}}]',11,1),(11,'2026-04-09 06:01:29.295506','5','Taiping Taekwondo Club - PRIMA BAGAN SERAI',1,'[{\"added\": {}}]',11,1),(12,'2026-04-09 06:01:44.325450','3','amirul',1,'[{\"added\": {}}, {\"added\": {\"name\": \"user profile\", \"object\": \"amirul - coach (Taiping Taekwondo Club)\"}}]',4,1),(13,'2026-04-09 06:03:04.773003','3','amirul',2,'[{\"changed\": {\"fields\": [\"Staff status\", \"Groups\", \"User permissions\"]}}]',4,1),(14,'2026-04-09 06:03:17.864465','2','ayie',2,'[{\"changed\": {\"fields\": [\"User permissions\"]}}]',4,1),(15,'2026-04-09 06:08:34.741908','3','amirul',2,'[{\"changed\": {\"fields\": [\"First name\", \"Last name\"]}}]',4,1),(16,'2026-04-09 06:43:52.675012','4','ttcadmin',1,'[{\"added\": {}}, {\"added\": {\"name\": \"user profile\", \"object\": \"ttcadmin - club_admin (Taiping Taekwondo Club)\"}}]',4,1),(17,'2026-04-09 07:00:10.481148','4','ttcadmin',2,'[{\"changed\": {\"fields\": [\"Staff status\", \"Groups\", \"User permissions\"]}}]',4,1),(18,'2026-04-14 02:07:13.580002','1','MUHAMMAD HARITH NAUFAL BIN MOHAMAD NIZAR - Taiping Taekwondo Club - SK SERI AMAN - TTC2026001',1,'[{\"added\": {}}]',14,3),(19,'2026-04-14 02:12:18.393654','2','MUHAMMAD IZZUL DANIYAL BIN SAIPOL AZALI - Taiping Taekwondo Club - SK SERI AMAN - TTC2026002',1,'[{\"added\": {}}]',14,3),(20,'2026-04-14 02:17:23.151125','3','NUR INSYIRAH HAZIRAH BINTI MOHD YUSRI - Taiping Taekwondo Club - SK SERI AMAN - TTC2026003',1,'[{\"added\": {}}]',14,3),(21,'2026-04-14 02:19:55.633260','4','MIA NUR IRDINA BT AHMAD AZIZI - Taiping Taekwondo Club - SK SERI AMAN - TTC2026004',1,'[{\"added\": {}}]',14,3),(22,'2026-04-14 02:23:17.233806','5','MUHAMMAD FAWWAZ MIRZA BIN MOHD MULTAZAM - Taiping Taekwondo Club - SK SERI AMAN - TTC2026005',1,'[{\"added\": {}}]',14,3),(23,'2026-04-14 02:25:52.819950','6','NUR AYSHA BINTI AHMAD SYAHRIR - Taiping Taekwondo Club - SK SERI AMAN - TTC2026006',1,'[{\"added\": {}}]',14,3),(24,'2026-04-14 02:28:15.075973','7','NUR IZZARA BINTI MOHD YUSRI - Taiping Taekwondo Club - SK SERI AMAN - TTC2026007',1,'[{\"added\": {}}]',14,3),(25,'2026-04-14 02:35:38.121111','8','AMANI RAESA BINTI ARIFF NAZWAN - Taiping Taekwondo Club - SK SERI AMAN - TTC2026008',1,'[{\"added\": {}}]',14,3),(26,'2026-04-14 02:37:21.287961','9','MUHAMMAD IMAN BIN MOHD RIZAL - Taiping Taekwondo Club - SK SERI AMAN - TTC2026009',1,'[{\"added\": {}}]',14,3),(27,'2026-04-14 02:58:45.886974','10','AUFA DURRANI BT MOHD FAISAL - Taiping Taekwondo Club - SK SELAMA - TTC2026010',1,'[{\"added\": {}}]',14,3),(28,'2026-04-14 03:02:01.062251','11','NAAZNEEN AAFIYA RAIHANAH BINTI MOHD ROHIZAN - Taiping Taekwondo Club - SK SELAMA - TTC2026011',1,'[{\"added\": {}}]',14,3),(29,'2026-04-14 03:12:11.457452','12','HAJAR NUR QAISARA BINTI ISHAK - Taiping Taekwondo Club - SK SELAMA - TTC2026012',1,'[{\"added\": {}}]',14,3),(30,'2026-04-14 03:15:22.899496','13','UMAR AL FATTEH BIN ABD HAFIZ - Taiping Taekwondo Club - SK SELAMA - TTC2026013',1,'[{\"added\": {}}]',14,3),(31,'2026-04-14 03:18:26.139166','14','MARYAM NURHASANAH BINTI ABDUL RAHMAN - Taiping Taekwondo Club - SK SELAMA - TTC2026014',1,'[{\"added\": {}}]',14,3),(32,'2026-04-14 03:21:49.646780','15','MUHAMMAD HAFIDH RIZQI BIN MOHD ISKANDAR - Taiping Taekwondo Club - SK SELAMA - TTC2026015',1,'[{\"added\": {}}]',14,3),(33,'2026-04-14 03:24:04.774904','16','NUR AMNIEYA ZULAIKHA BINTI SHAMSUDIN - Taiping Taekwondo Club - SK SELAMA - TTC2026016',1,'[{\"added\": {}}]',14,3),(34,'2026-04-14 03:26:18.956886','17','ABDUL BASIT BINTI DAUD - Taiping Taekwondo Club - SK SELAMA - TTC2026017',1,'[{\"added\": {}}]',14,3),(35,'2026-04-14 03:28:23.472571','18','MUHD AL FATEH BIN MD RAMLY - Taiping Taekwondo Club - SK SELAMA - TTC2026018',1,'[{\"added\": {}}]',14,3),(36,'2026-04-14 03:31:31.401345','19','NUR IZZARA AULIYA BINTI MOHD KHAIRUN HAFIZ - Taiping Taekwondo Club - SK SELAMA - TTC2026019',1,'[{\"added\": {}}]',14,3),(37,'2026-04-14 03:34:31.656672','20','FARHA ANIQAH BINTI MHD IZWAN - Taiping Taekwondo Club - SK SELAMA - TTC2026020',1,'[{\"added\": {}}]',14,3),(38,'2026-04-14 03:45:28.452202','21','UNAIS AMZAR BIN MHD IZWAN - Taiping Taekwondo Club - SK SELAMA - TTC2026021',1,'[{\"added\": {}}]',14,3),(39,'2026-04-14 03:48:01.905587','22','MUHAMMAD HAZIM WAFIUDDIN BIN HILME - Taiping Taekwondo Club - SK SELAMA - TTC2026022',1,'[{\"added\": {}}]',14,3),(40,'2026-04-14 03:51:51.421249','23','UMAR IZUDDIN BIN HAFIZZUDIN IZZAT - Taiping Taekwondo Club - SK SELAMA - TTC2026023',1,'[{\"added\": {}}]',14,3),(41,'2026-04-14 03:54:35.534060','24','ADAM MUHAMMAD BIN MOHAMAD FARIQ - Taiping Taekwondo Club - SK SELAMA - TTC2026024',1,'[{\"added\": {}}]',14,3),(42,'2026-04-14 03:56:24.472119','25','ABU DZAR BIN MOHAMAD FARIQ - Taiping Taekwondo Club - SK SELAMA - TTC2026025',1,'[{\"added\": {}}]',14,3),(43,'2026-04-14 03:59:49.791600','26','MUHAMMAD ASYAQIF IZZ ZAFRI B MOHD IDRIS - Taiping Taekwondo Club - SK SELAMA - TTC2026026',1,'[{\"added\": {}}]',14,3),(44,'2026-04-14 04:02:14.699111','27','MUHAMMAD AMSYAR IZZ-ZIKRI B MOHD IDRIS - Taiping Taekwondo Club - SK SELAMA - TTC2026027',1,'[{\"added\": {}}]',14,3),(45,'2026-04-14 04:04:25.380419','28','NUR DARWISYAH BINTI MOHD SAUFI - Taiping Taekwondo Club - SK SELAMA - TTC2026028',1,'[{\"added\": {}}]',14,3),(46,'2026-04-14 04:06:52.086804','29','MARISSA SAUSAN BINTI SHAHIRUL - Taiping Taekwondo Club - SK SELAMA - TTC2026029',1,'[{\"added\": {}}]',14,3),(47,'2026-04-14 04:08:51.493220','30','SIDQI MUNIR BIN SHAHIRUl - Taiping Taekwondo Club - SK SELAMA - TTC2026030',1,'[{\"added\": {}}]',14,3),(48,'2026-04-14 04:11:17.643991','31','MUNA SAFFIYA BINTI SHAHIRUL - Taiping Taekwondo Club - SK SELAMA - TTC2026031',1,'[{\"added\": {}}]',14,3),(49,'2026-04-14 04:18:52.648488','32','NOOR SHAZLIZA ALYSHA BINTI A.D SHAM - Taiping Taekwondo Club - SK AYER PUTIH - TTC2026032',1,'[{\"added\": {}}]',14,3),(50,'2026-04-14 04:22:12.319672','33','NUR AMNA KHALISYA BINTI MOHAMAD KHAIRI - Taiping Taekwondo Club - SK AYER PUTIH - TTC2026033',1,'[{\"added\": {}}]',14,3),(51,'2026-04-14 04:24:56.164872','33','NUR AMNA KHALISYA BINTI MOHAMAD KHAIRI - Taiping Taekwondo Club - SK AYER PUTIH - TTC2026033',2,'[{\"changed\": {\"fields\": [\"Phone\", \"Emergency contact\"]}}]',14,3),(52,'2026-04-14 04:27:11.437121','34','NUR ADELEA HUMAIRA BINTI KHAIRUL AKMAL - Taiping Taekwondo Club - SK AYER PUTIH - TTC2026034',1,'[{\"added\": {}}]',14,3),(53,'2026-04-14 04:29:54.981170','35','ADAM HAKIMIE BIN MOHD KHAIRUL FIRDAUS - Taiping Taekwondo Club - SK AYER PUTIH - TTC2026035',1,'[{\"added\": {}}]',14,3),(54,'2026-04-14 04:31:46.787213','36','ADAM DANIYAL BIN MOHD KHAIRUL FIRDAUS - Taiping Taekwondo Club - SK AYER PUTIH - TTC2026036',1,'[{\"added\": {}}]',14,3),(55,'2026-04-14 04:34:50.619500','37','MUHAMMAD RAYYAN BIN MOHAMAD KAMAL - Taiping Taekwondo Club - SK AYER PUTIH - TTC2026037',1,'[{\"added\": {}}]',14,3),(56,'2026-04-14 04:36:58.049475','38','MUHAMMAD RAFIQ ARHAM BIN MOHAMAD KAMAL - Taiping Taekwondo Club - SK AYER PUTIH - TTC2026038',1,'[{\"added\": {}}]',14,3),(57,'2026-04-14 04:39:15.734197','39','MUHAMMAD HAFIZZUDDIN BIN ROSLEE - Taiping Taekwondo Club - SK AYER PUTIH - TTC2026039',1,'[{\"added\": {}}]',14,3),(58,'2026-04-14 04:58:07.461209','40','MUHAMMAD IRFAN MUHAIMIN JOHARI - Taiping Taekwondo Club - SK AYER PUTIH - TTC2026040',1,'[{\"added\": {}}]',14,3),(59,'2026-04-14 05:01:06.281675','41','MUHAMMAD DARWISY BIN MOHD KHAIRULNIZAM - Taiping Taekwondo Club - SK AYER PUTIH - TTC2026041',1,'[{\"added\": {}}]',14,3),(60,'2026-04-14 05:03:06.288729','42','MUHAMMAD DANIAL - Taiping Taekwondo Club - SK AYER PUTIH - TTC2026042',1,'[{\"added\": {}}]',14,3),(61,'2026-04-14 05:05:22.152176','43','ADAM SUHAYL SYAHMIN BIN AZWAN - Taiping Taekwondo Club - SK AYER PUTIH - TTC2026043',1,'[{\"added\": {}}]',14,3),(62,'2026-04-14 05:09:06.053725','44','NUR ARIESYA DANIA BINTI ABDULLAH - Taiping Taekwondo Club - SK AYER PUTIH - TTC2026044',1,'[{\"added\": {}}]',14,3),(63,'2026-04-14 05:11:29.862396','45','ALIF ADAM  SHAZWAN BIN MOHAMMAD RIDHWAN - Taiping Taekwondo Club - SK AYER PUTIH - TTC2026045',1,'[{\"added\": {}}]',14,3),(64,'2026-04-14 05:14:36.169659','46','WAN NUR SAFIYA QISTINA BINTI MEOR MOHAMAD SUHAIMI - Taiping Taekwondo Club - SK AYER PUTIH - TTC2026046',1,'[{\"added\": {}}]',14,3),(65,'2026-04-14 05:16:09.077792','47','WAN NUR SAFA QASRINA BINTI MEOR MOHAMAD SUHAIMI - Taiping Taekwondo Club - SK AYER PUTIH - TTC2026047',1,'[{\"added\": {}}]',14,3),(66,'2026-04-14 05:17:43.138754','48','WAN NUR SOFIA QAIREEN BINTI MEOR MOHAMAD SUHAIMI - Taiping Taekwondo Club - SK AYER PUTIH - TTC2026048',1,'[{\"added\": {}}]',14,3),(67,'2026-04-14 05:19:58.978431','49','MUHAMMAD SYAZWAN SYAHMI BIN SHARMAN - Taiping Taekwondo Club - SK AYER PUTIH - TTC2026049',1,'[{\"added\": {}}]',14,3),(68,'2026-04-14 05:21:30.830354','50','MOHAMAD NOR KHAIREEN BIN AZHAR - Taiping Taekwondo Club - SK AYER PUTIH - TTC2026050',1,'[{\"added\": {}}]',14,3),(69,'2026-04-14 05:23:05.380574','51','NOR AMIZATULISYA BINTI AZHAR - Taiping Taekwondo Club - SK AYER PUTIH - TTC2026051',1,'[{\"added\": {}}]',14,3),(70,'2026-04-14 05:25:28.789568','52','UMMU NURR QHALISSYA BINTI ZULKIPLEE - Taiping Taekwondo Club - SK AYER PUTIH - TTC2026052',1,'[{\"added\": {}}]',14,3),(71,'2026-04-14 05:29:06.731593','53','MUHAMMAD ARIFF FIQRY BIN MOHD FIKRIE - Taiping Taekwondo Club - PRIMA BAGAN SERAI - TTC2026053',1,'[{\"added\": {}}]',14,3),(72,'2026-04-14 05:31:43.446805','54','MUHAMMAD FIQHRUL SHAZMY BIN MOHD FAHMY - Taiping Taekwondo Club - PRIMA BAGAN SERAI - TTC2026054',1,'[{\"added\": {}}]',14,3),(73,'2026-04-14 05:33:42.293000','55','NUR SARAQASEH FALISHA BINTI MOHD FAHMY - Taiping Taekwondo Club - PRIMA BAGAN SERAI - TTC2026055',1,'[{\"added\": {}}]',14,3),(74,'2026-04-14 05:36:35.977465','56','MUHAMMAD RAYYAN BIN MUHAMMAD RUSYDI - Taiping Taekwondo Club - PRIMA BAGAN SERAI - TTC2026056',1,'[{\"added\": {}}]',14,3),(75,'2026-04-14 05:38:39.065632','57','NUR MARSYA IRSALINA BINTI JEFRIAZMAN - Taiping Taekwondo Club - PRIMA BAGAN SERAI - TTC2026057',1,'[{\"added\": {}}]',14,3),(76,'2026-04-14 05:41:32.837406','58','MUHAMMAD AIMAN YUSUF BIN MOHD RAZMAN - Taiping Taekwondo Club - PRIMA BAGAN SERAI - TTC2026058',1,'[{\"added\": {}}]',14,3),(77,'2026-04-14 05:45:41.360372','59','ADEL ABDUL RAHMAN BIN ABDULLAH - Taiping Taekwondo Club - PRIMA BAGAN SERAI - TTC2026059',1,'[{\"added\": {}}]',14,3),(78,'2026-04-14 05:47:42.352787','60','ADEEN HARITH BIN ABDULLAH - Taiping Taekwondo Club - PRIMA BAGAN SERAI - TTC2026060',1,'[{\"added\": {}}]',14,3),(79,'2026-04-14 05:51:13.272774','61','MUHAMMAD MUHRIZ ISKANDAR BIN JEFRIAZMAN - Taiping Taekwondo Club - PRIMA BAGAN SERAI - TTC2026061',1,'[{\"added\": {}}]',14,3),(80,'2026-04-14 05:55:30.797348','62','MUHAMMAD NAUFAL ZIKRY BIN ZAIRIE AZRIL - Taiping Taekwondo Club - PRIMA BAGAN SERAI - TTC2026062',1,'[{\"added\": {}}]',14,3),(81,'2026-04-14 05:58:21.107733','63','SOFEA AZZAHRA BINTI MOHAMAD SHAMIL SHAH - Taiping Taekwondo Club - PRIMA BAGAN SERAI - TTC2026063',1,'[{\"added\": {}}]',14,3),(82,'2026-04-14 06:00:19.703844','64','FIRASH HADWAN ANAQI BIN ABD RAHIM - Taiping Taekwondo Club - PRIMA BAGAN SERAI - TTC2026064',1,'[{\"added\": {}}]',14,3),(83,'2026-04-14 06:02:54.280316','65','MUHAMMAD ARYAN NUR HAFIY BIN SUHAILI - Taiping Taekwondo Club - PRIMA BAGAN SERAI - TTC2026065',1,'[{\"added\": {}}]',14,3),(84,'2026-04-14 06:05:53.639945','66','MUHAMMAD AFIQ NAUFAL BIN MOHAMMAD NAJMI - Taiping Taekwondo Club - PRIMA BAGAN SERAI - TTC2026066',1,'[{\"added\": {}}]',14,3),(85,'2026-04-14 06:08:21.539232','67','MUHAMMAD IZZUL HADI BIN AZIZULHISYAM - Taiping Taekwondo Club - PRIMA BAGAN SERAI - TTC2026067',1,'[{\"added\": {}}]',14,3),(86,'2026-04-14 06:10:15.413461','68','QISYA IZZ ZAHRA BINTI AZIZULHISYAM - Taiping Taekwondo Club - PRIMA BAGAN SERAI - TTC2026068',1,'[{\"added\": {}}]',14,3),(87,'2026-04-14 06:12:00.239015','69','NUR SARAQAIREEN FARHA BINTI MOHD FAHMY - Taiping Taekwondo Club - PRIMA BAGAN SERAI - TTC2026069',1,'[{\"added\": {}}]',14,3),(88,'2026-04-15 18:26:03.328412','242','UNAIS AMZAR BIN MHD IZWAN - monthly - RM35.00',2,'[{\"changed\": {\"fields\": [\"Status\"]}}]',15,3),(89,'2026-04-15 18:27:33.613257','242','UNAIS AMZAR BIN MHD IZWAN - monthly - RM35.00',2,'[{\"changed\": {\"fields\": [\"Status\"]}}]',15,3),(90,'2026-04-15 18:31:01.782647','242','UNAIS AMZAR BIN MHD IZWAN - monthly - RM35.00',2,'[{\"changed\": {\"fields\": [\"Status\"]}}]',15,3),(91,'2026-04-15 18:32:31.253873','242','UNAIS AMZAR BIN MHD IZWAN - monthly - RM35.00',2,'[{\"changed\": {\"fields\": [\"Status\"]}}]',15,3),(92,'2026-04-15 18:33:03.795716','242','UNAIS AMZAR BIN MHD IZWAN - monthly - RM35.00',2,'[{\"changed\": {\"fields\": [\"Status\"]}}]',15,3),(93,'2026-04-15 18:36:18.615281','242','UNAIS AMZAR BIN MHD IZWAN - monthly - RM35.00',2,'[{\"changed\": {\"fields\": [\"Status\"]}}]',15,3),(94,'2026-04-15 18:36:27.554494','242','UNAIS AMZAR BIN MHD IZWAN - monthly - RM35.00',2,'[{\"changed\": {\"fields\": [\"Status\"]}}]',15,3),(95,'2026-04-15 18:36:40.131223','242','UNAIS AMZAR BIN MHD IZWAN - monthly - RM35.00',2,'[{\"changed\": {\"fields\": [\"Status\"]}}]',15,3),(96,'2026-04-15 18:39:07.432661','242','UNAIS AMZAR BIN MHD IZWAN - monthly - RM35.00',2,'[{\"changed\": {\"fields\": [\"Status\"]}}]',15,3),(97,'2026-04-15 19:03:07.012854','242','UNAIS AMZAR BIN MHD IZWAN - monthly - RM35.00',2,'[{\"changed\": {\"fields\": [\"Status\"]}}]',15,3);
/*!40000 ALTER TABLE `django_admin_log` ENABLE KEYS */;
UNLOCK TABLES;

--
-- Table structure for table `django_content_type`
--

DROP TABLE IF EXISTS `django_content_type`;
/*!40101 SET @saved_cs_client     = @@character_set_client */;
/*!50503 SET character_set_client = utf8mb4 */;
CREATE TABLE `django_content_type` (
  `id` int NOT NULL AUTO_INCREMENT,
  `app_label` varchar(100) NOT NULL,
  `model` varchar(100) NOT NULL,
  PRIMARY KEY (`id`),
  UNIQUE KEY `django_content_type_app_label_model_76bd3d3b_uniq` (`app_label`,`model`)
) ENGINE=InnoDB AUTO_INCREMENT=18 DEFAULT CHARSET=utf8mb4 COLLATE=utf8mb4_0900_ai_ci;
/*!40101 SET character_set_client = @saved_cs_client */;

--
-- Dumping data for table `django_content_type`
--

LOCK TABLES `django_content_type` WRITE;
/*!40000 ALTER TABLE `django_content_type` DISABLE KEYS */;
INSERT INTO `django_content_type` VALUES (1,'admin','logentry'),(16,'attendance','attendance'),(3,'auth','group'),(2,'auth','permission'),(4,'auth','user'),(7,'authtoken','token'),(8,'authtoken','tokenproxy'),(5,'contenttypes','contenttype'),(15,'fees','fee'),(12,'schools','classschedule'),(9,'schools','club'),(10,'schools','contactinfo'),(11,'schools','school'),(13,'schools','userprofile'),(6,'sessions','session'),(17,'students','parent'),(14,'students','student');
/*!40000 ALTER TABLE `django_content_type` ENABLE KEYS */;
UNLOCK TABLES;

--
-- Table structure for table `django_migrations`
--

DROP TABLE IF EXISTS `django_migrations`;
/*!40101 SET @saved_cs_client     = @@character_set_client */;
/*!50503 SET character_set_client = utf8mb4 */;
CREATE TABLE `django_migrations` (
  `id` bigint NOT NULL AUTO_INCREMENT,
  `app` varchar(255) NOT NULL,
  `name` varchar(255) NOT NULL,
  `applied` datetime(6) NOT NULL,
  PRIMARY KEY (`id`)
) ENGINE=InnoDB AUTO_INCREMENT=29 DEFAULT CHARSET=utf8mb4 COLLATE=utf8mb4_0900_ai_ci;
/*!40101 SET character_set_client = @saved_cs_client */;

--
-- Dumping data for table `django_migrations`
--

LOCK TABLES `django_migrations` WRITE;
/*!40000 ALTER TABLE `django_migrations` DISABLE KEYS */;
INSERT INTO `django_migrations` VALUES (1,'contenttypes','0001_initial','2026-04-09 05:20:10.797057'),(2,'auth','0001_initial','2026-04-09 05:20:10.851168'),(3,'admin','0001_initial','2026-04-09 05:20:10.897350'),(4,'admin','0002_logentry_remove_auto_add','2026-04-09 05:20:10.931106'),(5,'admin','0003_logentry_add_action_flag_choices','2026-04-09 05:20:10.956095'),(6,'schools','0001_initial','2026-04-09 05:20:11.026318'),(7,'students','0001_initial','2026-04-09 05:20:11.093436'),(8,'attendance','0001_initial','2026-04-09 05:20:11.148304'),(9,'contenttypes','0002_remove_content_type_name','2026-04-09 05:20:11.202136'),(10,'auth','0002_alter_permission_name_max_length','2026-04-09 05:20:11.248123'),(11,'auth','0003_alter_user_email_max_length','2026-04-09 05:20:11.282034'),(12,'auth','0004_alter_user_username_opts','2026-04-09 05:20:11.308172'),(13,'auth','0005_alter_user_last_login_null','2026-04-09 05:20:11.343111'),(14,'auth','0006_require_contenttypes_0002','2026-04-09 05:20:11.360423'),(15,'auth','0007_alter_validators_add_error_messages','2026-04-09 05:20:11.389550'),(16,'auth','0008_alter_user_username_max_length','2026-04-09 05:20:11.424761'),(17,'auth','0009_alter_user_last_name_max_length','2026-04-09 05:20:11.459097'),(18,'auth','0010_alter_group_name_max_length','2026-04-09 05:20:11.498826'),(19,'auth','0011_update_proxy_permissions','2026-04-09 05:20:11.532589'),(20,'auth','0012_alter_user_first_name_max_length','2026-04-09 05:20:11.570624'),(21,'authtoken','0001_initial','2026-04-09 05:20:11.609940'),(22,'authtoken','0002_auto_20160226_1747','2026-04-09 05:20:11.670384'),(23,'authtoken','0003_tokenproxy','2026-04-09 05:20:11.691272'),(24,'authtoken','0004_alter_tokenproxy_options','2026-04-09 05:20:11.725168'),(25,'fees','0001_initial','2026-04-09 05:20:11.787168'),(26,'sessions','0001_initial','2026-04-09 05:20:11.827855'),(27,'students','0002_alter_parent_unique_together_parent_students_and_more','2026-04-15 03:50:33.169276'),(28,'fees','0002_alter_fee_status','2026-04-15 18:26:50.596119');
/*!40000 ALTER TABLE `django_migrations` ENABLE KEYS */;
UNLOCK TABLES;

--
-- Table structure for table `django_session`
--

DROP TABLE IF EXISTS `django_session`;
/*!40101 SET @saved_cs_client     = @@character_set_client */;
/*!50503 SET character_set_client = utf8mb4 */;
CREATE TABLE `django_session` (
  `session_key` varchar(40) NOT NULL,
  `session_data` longtext NOT NULL,
  `expire_date` datetime(6) NOT NULL,
  PRIMARY KEY (`session_key`),
  KEY `django_session_expire_date_a5c62663` (`expire_date`)
) ENGINE=InnoDB DEFAULT CHARSET=utf8mb4 COLLATE=utf8mb4_0900_ai_ci;
/*!40101 SET character_set_client = @saved_cs_client */;

--
-- Dumping data for table `django_session`
--

LOCK TABLES `django_session` WRITE;
/*!40000 ALTER TABLE `django_session` DISABLE KEYS */;
INSERT INTO `django_session` VALUES ('8ac8sbnsg0bh6kzslkua38vcpkoxpcu4','.eJxVjDEOgzAMAP_iuYqSmCSUsTtvQHbsFNoKJAJT1b9XSAztene6Nwy0b-OwV12HSaADhMsvY8pPnQ8hD5rvi8nLvK0TmyMxp62mX0Rft7P9G4xUR-jAJt9oSW24UpaAzhfL0eaYmqAxYWJXyLJiScjiM2tjxXlpbWaMiA4-X9sWN7w:1wDCc8:hLTh32xYkQyIpueQmuKpoFP-9--0XaXcoqfqFPfmHWA','2026-04-17 10:37:56.795953'),('zyq47upnuhampbbl71tbz2cazdhycg4k','.eJxVjDEOgzAMAP_iuYqSmCSUsTtvQHbsFNoKJAJT1b9XSAztene6Nwy0b-OwV12HSaADhMsvY8pPnQ8hD5rvi8nLvK0TmyMxp62mX0Rft7P9G4xUR-jAJt9oSW24UpaAzhfL0eaYmqAxYWJXyLJiScjiM2tjxXlpbWaMiA4-X9sWN7w:1wD1Z8:21xeEwMKV_tVcWZjs2-26U6XEtptyDGlhsiTm2_SIh4','2026-04-16 22:50:06.472552');
/*!40000 ALTER TABLE `django_session` ENABLE KEYS */;
UNLOCK TABLES;

--
-- Table structure for table `fees_fee`
--

DROP TABLE IF EXISTS `fees_fee`;
/*!40101 SET @saved_cs_client     = @@character_set_client */;
/*!50503 SET character_set_client = utf8mb4 */;
CREATE TABLE `fees_fee` (
  `id` bigint NOT NULL AUTO_INCREMENT,
  `fee_type` varchar(20) NOT NULL,
  `amount` decimal(10,2) NOT NULL,
  `month` date DEFAULT NULL,
  `due_date` date NOT NULL,
  `paid_date` date DEFAULT NULL,
  `status` varchar(20) NOT NULL,
  `receipt_number` varchar(50) DEFAULT NULL,
  `notes` longtext NOT NULL,
  `created_at` datetime(6) NOT NULL,
  `updated_at` datetime(6) NOT NULL,
  `student_id` bigint NOT NULL,
  PRIMARY KEY (`id`),
  KEY `fees_fee_student_id_664ca066_fk_students_student_id` (`student_id`),
  CONSTRAINT `fees_fee_student_id_664ca066_fk_students_student_id` FOREIGN KEY (`student_id`) REFERENCES `students_student` (`id`)
) ENGINE=InnoDB AUTO_INCREMENT=829 DEFAULT CHARSET=utf8mb4 COLLATE=utf8mb4_0900_ai_ci;
/*!40101 SET character_set_client = @saved_cs_client */;

--
-- Dumping data for table `fees_fee`
--

LOCK TABLES `fees_fee` WRITE;
/*!40000 ALTER TABLE `fees_fee` DISABLE KEYS */;
INSERT INTO `fees_fee` VALUES (1,'monthly',35.00,'2026-01-01','2026-02-01',NULL,'overdue',NULL,'','2026-04-14 02:07:13.558008','2026-04-14 02:07:13.558060',1),(2,'monthly',35.00,'2026-02-01','2026-03-01',NULL,'waived',NULL,'','2026-04-14 02:07:13.559054','2026-04-14 02:07:13.559086',1),(3,'monthly',35.00,'2026-03-01','2026-04-01',NULL,'waived',NULL,'','2026-04-14 02:07:13.559742','2026-04-14 02:07:13.559773',1),(4,'monthly',35.00,'2026-04-01','2026-05-01',NULL,'pending',NULL,'','2026-04-14 02:07:13.560370','2026-04-14 02:07:13.560399',1),(5,'monthly',35.00,'2026-05-01','2026-06-01',NULL,'pending',NULL,'','2026-04-14 02:07:13.560968','2026-04-14 02:07:13.560997',1),(6,'monthly',35.00,'2026-06-01','2026-07-01',NULL,'pending',NULL,'','2026-04-14 02:07:13.564449','2026-04-14 02:07:13.564477',1),(7,'monthly',35.00,'2026-07-01','2026-08-01',NULL,'pending',NULL,'','2026-04-14 02:07:13.566927','2026-04-14 02:07:13.566956',1),(8,'monthly',35.00,'2026-08-01','2026-09-01',NULL,'pending',NULL,'','2026-04-14 02:07:13.567571','2026-04-14 02:07:13.567600',1),(9,'monthly',35.00,'2026-09-01','2026-10-01',NULL,'pending',NULL,'','2026-04-14 02:07:13.568412','2026-04-14 02:07:13.568441',1),(10,'monthly',35.00,'2026-10-01','2026-11-01',NULL,'pending',NULL,'','2026-04-14 02:07:13.569009','2026-04-14 02:07:13.569080',1),(11,'monthly',35.00,'2026-11-01','2026-12-01',NULL,'pending',NULL,'','2026-04-14 02:07:13.569653','2026-04-14 02:07:13.569681',1),(12,'monthly',35.00,'2026-12-01','2027-01-01',NULL,'pending',NULL,'','2026-04-14 02:07:13.570351','2026-04-14 02:07:13.570379',1),(13,'monthly',35.00,'2026-01-01','2026-02-01',NULL,'overdue',NULL,'','2026-04-14 02:12:18.373586','2026-04-14 02:12:18.373618',2),(14,'monthly',35.00,'2026-02-01','2026-03-01',NULL,'waived',NULL,'','2026-04-14 02:12:18.375700','2026-04-14 02:12:18.375728',2),(15,'monthly',35.00,'2026-03-01','2026-04-01',NULL,'waived',NULL,'','2026-04-14 02:12:18.376337','2026-04-14 02:12:18.376365',2),(16,'monthly',35.00,'2026-04-01','2026-05-01',NULL,'pending',NULL,'','2026-04-14 02:12:18.378102','2026-04-14 02:12:18.378130',2),(17,'monthly',35.00,'2026-05-01','2026-06-01',NULL,'pending',NULL,'','2026-04-14 02:12:18.378702','2026-04-14 02:12:18.378732',2),(18,'monthly',35.00,'2026-06-01','2026-07-01',NULL,'pending',NULL,'','2026-04-14 02:12:18.380300','2026-04-14 02:12:18.380329',2),(19,'monthly',35.00,'2026-07-01','2026-08-01',NULL,'pending',NULL,'','2026-04-14 02:12:18.382221','2026-04-14 02:12:18.382250',2),(20,'monthly',35.00,'2026-08-01','2026-09-01',NULL,'pending',NULL,'','2026-04-14 02:12:18.383586','2026-04-14 02:12:18.383614',2),(21,'monthly',35.00,'2026-09-01','2026-10-01',NULL,'pending',NULL,'','2026-04-14 02:12:18.384707','2026-04-14 02:12:18.386196',2),(22,'monthly',35.00,'2026-10-01','2026-11-01',NULL,'pending',NULL,'','2026-04-14 02:12:18.387398','2026-04-14 02:12:18.387569',2),(23,'monthly',35.00,'2026-11-01','2026-12-01',NULL,'pending',NULL,'','2026-04-14 02:12:18.389341','2026-04-14 02:12:18.389365',2),(24,'monthly',35.00,'2026-12-01','2027-01-01',NULL,'pending',NULL,'','2026-04-14 02:12:18.390856','2026-04-14 02:12:18.391256',2),(25,'monthly',35.00,'2026-01-01','2026-02-01',NULL,'overdue',NULL,'','2026-04-14 02:17:22.486540','2026-04-14 02:17:22.486570',3),(26,'monthly',35.00,'2026-02-01','2026-03-01',NULL,'waived',NULL,'','2026-04-14 02:17:22.489359','2026-04-14 02:17:22.489385',3),(27,'monthly',35.00,'2026-03-01','2026-04-01',NULL,'waived',NULL,'','2026-04-14 02:17:22.489937','2026-04-14 02:17:22.489960',3),(28,'monthly',35.00,'2026-04-01','2026-05-01',NULL,'pending',NULL,'','2026-04-14 02:17:22.490484','2026-04-14 02:17:22.490508',3),(29,'monthly',35.00,'2026-05-01','2026-06-01',NULL,'pending',NULL,'','2026-04-14 02:17:23.145507','2026-04-14 02:17:23.145542',3),(30,'monthly',35.00,'2026-06-01','2026-07-01',NULL,'pending',NULL,'','2026-04-14 02:17:23.146280','2026-04-14 02:17:23.146307',3),(31,'monthly',35.00,'2026-07-01','2026-08-01',NULL,'pending',NULL,'','2026-04-14 02:17:23.146805','2026-04-14 02:17:23.146830',3),(32,'monthly',35.00,'2026-08-01','2026-09-01',NULL,'pending',NULL,'','2026-04-14 02:17:23.147427','2026-04-14 02:17:23.147452',3),(33,'monthly',35.00,'2026-09-01','2026-10-01',NULL,'pending',NULL,'','2026-04-14 02:17:23.147961','2026-04-14 02:17:23.147984',3),(34,'monthly',35.00,'2026-10-01','2026-11-01',NULL,'pending',NULL,'','2026-04-14 02:17:23.148510','2026-04-14 02:17:23.148535',3),(35,'monthly',35.00,'2026-11-01','2026-12-01',NULL,'pending',NULL,'','2026-04-14 02:17:23.149203','2026-04-14 02:17:23.149241',3),(36,'monthly',35.00,'2026-12-01','2027-01-01',NULL,'pending',NULL,'','2026-04-14 02:17:23.149768','2026-04-14 02:17:23.149814',3),(37,'monthly',35.00,'2026-01-01','2026-02-01',NULL,'overdue',NULL,'','2026-04-14 02:19:55.621718','2026-04-14 02:19:55.621745',4),(38,'monthly',35.00,'2026-02-01','2026-03-01',NULL,'waived',NULL,'','2026-04-14 02:19:55.623453','2026-04-14 02:19:55.623478',4),(39,'monthly',35.00,'2026-03-01','2026-04-01',NULL,'waived',NULL,'','2026-04-14 02:19:55.623976','2026-04-14 02:19:55.624002',4),(40,'monthly',35.00,'2026-04-01','2026-05-01',NULL,'pending',NULL,'','2026-04-14 02:19:55.624508','2026-04-14 02:19:55.624530',4),(41,'monthly',35.00,'2026-05-01','2026-06-01',NULL,'pending',NULL,'','2026-04-14 02:19:55.625031','2026-04-14 02:19:55.627398',4),(42,'monthly',35.00,'2026-06-01','2026-07-01',NULL,'pending',NULL,'','2026-04-14 02:19:55.627897','2026-04-14 02:19:55.627921',4),(43,'monthly',35.00,'2026-07-01','2026-08-01',NULL,'pending',NULL,'','2026-04-14 02:19:55.628428','2026-04-14 02:19:55.628450',4),(44,'monthly',35.00,'2026-08-01','2026-09-01',NULL,'pending',NULL,'','2026-04-14 02:19:55.628928','2026-04-14 02:19:55.628952',4),(45,'monthly',35.00,'2026-09-01','2026-10-01',NULL,'pending',NULL,'','2026-04-14 02:19:55.629452','2026-04-14 02:19:55.629474',4),(46,'monthly',35.00,'2026-10-01','2026-11-01',NULL,'pending',NULL,'','2026-04-14 02:19:55.629956','2026-04-14 02:19:55.629979',4),(47,'monthly',35.00,'2026-11-01','2026-12-01',NULL,'pending',NULL,'','2026-04-14 02:19:55.631569','2026-04-14 02:19:55.631594',4),(48,'monthly',35.00,'2026-12-01','2027-01-01',NULL,'pending',NULL,'','2026-04-14 02:19:55.632092','2026-04-14 02:19:55.632115',4),(49,'monthly',35.00,'2026-01-01','2026-02-01',NULL,'overdue',NULL,'','2026-04-14 02:23:17.222984','2026-04-14 02:23:17.223010',5),(50,'monthly',35.00,'2026-02-01','2026-03-01',NULL,'waived',NULL,'','2026-04-14 02:23:17.224664','2026-04-14 02:23:17.224693',5),(51,'monthly',35.00,'2026-03-01','2026-04-01',NULL,'waived',NULL,'','2026-04-14 02:23:17.225504','2026-04-14 02:23:17.225531',5),(52,'monthly',35.00,'2026-04-01','2026-05-01',NULL,'pending',NULL,'','2026-04-14 02:23:17.226058','2026-04-14 02:23:17.226084',5),(53,'monthly',35.00,'2026-05-01','2026-06-01',NULL,'pending',NULL,'','2026-04-14 02:23:17.226585','2026-04-14 02:23:17.226610',5),(54,'monthly',35.00,'2026-06-01','2026-07-01',NULL,'pending',NULL,'','2026-04-14 02:23:17.228220','2026-04-14 02:23:17.228244',5),(55,'monthly',35.00,'2026-07-01','2026-08-01',NULL,'pending',NULL,'','2026-04-14 02:23:17.228714','2026-04-14 02:23:17.228736',5),(56,'monthly',35.00,'2026-08-01','2026-09-01',NULL,'pending',NULL,'','2026-04-14 02:23:17.229317','2026-04-14 02:23:17.229342',5),(57,'monthly',35.00,'2026-09-01','2026-10-01',NULL,'pending',NULL,'','2026-04-14 02:23:17.229896','2026-04-14 02:23:17.229920',5),(58,'monthly',35.00,'2026-10-01','2026-11-01',NULL,'pending',NULL,'','2026-04-14 02:23:17.230449','2026-04-14 02:23:17.230476',5),(59,'monthly',35.00,'2026-11-01','2026-12-01',NULL,'pending',NULL,'','2026-04-14 02:23:17.230994','2026-04-14 02:23:17.231021',5),(60,'monthly',35.00,'2026-12-01','2027-01-01',NULL,'pending',NULL,'','2026-04-14 02:23:17.232640','2026-04-14 02:23:17.232668',5),(61,'monthly',35.00,'2026-01-01','2026-02-01',NULL,'overdue',NULL,'','2026-04-14 02:25:52.806452','2026-04-14 02:25:52.806479',6),(62,'monthly',35.00,'2026-02-01','2026-03-01',NULL,'waived',NULL,'','2026-04-14 02:25:52.807134','2026-04-14 02:25:52.807160',6),(63,'monthly',35.00,'2026-03-01','2026-04-01',NULL,'waived',NULL,'','2026-04-14 02:25:52.807733','2026-04-14 02:25:52.807756',6),(64,'monthly',35.00,'2026-04-01','2026-05-01',NULL,'pending',NULL,'','2026-04-14 02:25:52.808333','2026-04-14 02:25:52.808373',6),(65,'monthly',35.00,'2026-05-01','2026-06-01',NULL,'pending',NULL,'','2026-04-14 02:25:52.809610','2026-04-14 02:25:52.809633',6),(66,'monthly',35.00,'2026-06-01','2026-07-01',NULL,'pending',NULL,'','2026-04-14 02:25:52.811794','2026-04-14 02:25:52.811828',6),(67,'monthly',35.00,'2026-07-01','2026-08-01',NULL,'pending',NULL,'','2026-04-14 02:25:52.812447','2026-04-14 02:25:52.812470',6),(68,'monthly',35.00,'2026-08-01','2026-09-01',NULL,'pending',NULL,'','2026-04-14 02:25:52.812978','2026-04-14 02:25:52.813004',6),(69,'monthly',35.00,'2026-09-01','2026-10-01',NULL,'pending',NULL,'','2026-04-14 02:25:52.813592','2026-04-14 02:25:52.813617',6),(70,'monthly',35.00,'2026-10-01','2026-11-01',NULL,'pending',NULL,'','2026-04-14 02:25:52.814203','2026-04-14 02:25:52.814228',6),(71,'monthly',35.00,'2026-11-01','2026-12-01',NULL,'pending',NULL,'','2026-04-14 02:25:52.816553','2026-04-14 02:25:52.816577',6),(72,'monthly',35.00,'2026-12-01','2027-01-01',NULL,'pending',NULL,'','2026-04-14 02:25:52.817134','2026-04-14 02:25:52.817160',6),(73,'monthly',35.00,'2026-01-01','2026-02-01',NULL,'overdue',NULL,'','2026-04-14 02:28:15.060830','2026-04-14 02:28:15.060862',7),(74,'monthly',35.00,'2026-02-01','2026-03-01',NULL,'waived',NULL,'','2026-04-14 02:28:15.062643','2026-04-14 02:28:15.062673',7),(75,'monthly',35.00,'2026-03-01','2026-04-01',NULL,'waived',NULL,'','2026-04-14 02:28:15.063269','2026-04-14 02:28:15.063298',7),(76,'monthly',35.00,'2026-04-01','2026-05-01',NULL,'pending',NULL,'','2026-04-14 02:28:15.064706','2026-04-14 02:28:15.064734',7),(77,'monthly',35.00,'2026-05-01','2026-06-01',NULL,'pending',NULL,'','2026-04-14 02:28:15.065375','2026-04-14 02:28:15.065403',7),(78,'monthly',35.00,'2026-06-01','2026-07-01',NULL,'pending',NULL,'','2026-04-14 02:28:15.065983','2026-04-14 02:28:15.066011',7),(79,'monthly',35.00,'2026-07-01','2026-08-01',NULL,'pending',NULL,'','2026-04-14 02:28:15.068257','2026-04-14 02:28:15.068286',7),(80,'monthly',35.00,'2026-08-01','2026-09-01',NULL,'pending',NULL,'','2026-04-14 02:28:15.068894','2026-04-14 02:28:15.068923',7),(81,'monthly',35.00,'2026-09-01','2026-10-01',NULL,'pending',NULL,'','2026-04-14 02:28:15.069650','2026-04-14 02:28:15.069680',7),(82,'monthly',35.00,'2026-10-01','2026-11-01',NULL,'pending',NULL,'','2026-04-14 02:28:15.070439','2026-04-14 02:28:15.070467',7),(83,'monthly',35.00,'2026-11-01','2026-12-01',NULL,'pending',NULL,'','2026-04-14 02:28:15.073785','2026-04-14 02:28:15.073832',7),(84,'monthly',35.00,'2026-12-01','2027-01-01',NULL,'pending',NULL,'','2026-04-14 02:28:15.074431','2026-04-14 02:28:15.074460',7),(85,'monthly',35.00,'2026-01-01','2026-02-01',NULL,'overdue',NULL,'','2026-04-14 02:35:38.104152','2026-04-14 02:35:38.104192',8),(86,'monthly',35.00,'2026-02-01','2026-03-01',NULL,'waived',NULL,'','2026-04-14 02:35:38.105031','2026-04-14 02:35:38.105085',8),(87,'monthly',35.00,'2026-03-01','2026-04-01',NULL,'waived',NULL,'','2026-04-14 02:35:38.105760','2026-04-14 02:35:38.105791',8),(88,'monthly',35.00,'2026-04-01','2026-05-01',NULL,'pending',NULL,'','2026-04-14 02:35:38.107212','2026-04-14 02:35:38.107241',8),(89,'monthly',35.00,'2026-05-01','2026-06-01',NULL,'pending',NULL,'','2026-04-14 02:35:38.107826','2026-04-14 02:35:38.108120',8),(90,'monthly',35.00,'2026-06-01','2026-07-01',NULL,'pending',NULL,'','2026-04-14 02:35:38.108942','2026-04-14 02:35:38.108975',8),(91,'monthly',35.00,'2026-07-01','2026-08-01',NULL,'pending',NULL,'','2026-04-14 02:35:38.111379','2026-04-14 02:35:38.111412',8),(92,'monthly',35.00,'2026-08-01','2026-09-01',NULL,'pending',NULL,'','2026-04-14 02:35:38.112342','2026-04-14 02:35:38.112376',8),(93,'monthly',35.00,'2026-09-01','2026-10-01',NULL,'pending',NULL,'','2026-04-14 02:35:38.113824','2026-04-14 02:35:38.113852',8),(94,'monthly',35.00,'2026-10-01','2026-11-01',NULL,'pending',NULL,'','2026-04-14 02:35:38.118086','2026-04-14 02:35:38.118118',8),(95,'monthly',35.00,'2026-11-01','2026-12-01',NULL,'pending',NULL,'','2026-04-14 02:35:38.118949','2026-04-14 02:35:38.118980',8),(96,'monthly',35.00,'2026-12-01','2027-01-01',NULL,'pending',NULL,'','2026-04-14 02:35:38.119638','2026-04-14 02:35:38.119670',8),(97,'monthly',35.00,'2026-01-01','2026-02-01',NULL,'overdue',NULL,'','2026-04-14 02:37:21.253975','2026-04-14 02:37:21.254015',9),(98,'monthly',35.00,'2026-02-01','2026-03-01',NULL,'waived',NULL,'','2026-04-14 02:37:21.260393','2026-04-14 02:37:21.260428',9),(99,'monthly',35.00,'2026-03-01','2026-04-01',NULL,'waived',NULL,'','2026-04-14 02:37:21.263186','2026-04-14 02:37:21.263218',9),(100,'monthly',35.00,'2026-04-01','2026-05-01',NULL,'pending',NULL,'','2026-04-14 02:37:21.266313','2026-04-14 02:37:21.266347',9),(101,'monthly',35.00,'2026-05-01','2026-06-01',NULL,'pending',NULL,'','2026-04-14 02:37:21.266950','2026-04-14 02:37:21.266976',9),(102,'monthly',35.00,'2026-06-01','2026-07-01',NULL,'pending',NULL,'','2026-04-14 02:37:21.273745','2026-04-14 02:37:21.273827',9),(103,'monthly',35.00,'2026-07-01','2026-08-01',NULL,'pending',NULL,'','2026-04-14 02:37:21.274452','2026-04-14 02:37:21.274478',9),(104,'monthly',35.00,'2026-08-01','2026-09-01',NULL,'pending',NULL,'','2026-04-14 02:37:21.274995','2026-04-14 02:37:21.275020',9),(105,'monthly',35.00,'2026-09-01','2026-10-01',NULL,'pending',NULL,'','2026-04-14 02:37:21.275629','2026-04-14 02:37:21.275658',9),(106,'monthly',35.00,'2026-10-01','2026-11-01',NULL,'pending',NULL,'','2026-04-14 02:37:21.282994','2026-04-14 02:37:21.283025',9),(107,'monthly',35.00,'2026-11-01','2026-12-01',NULL,'pending',NULL,'','2026-04-14 02:37:21.286163','2026-04-14 02:37:21.286196',9),(108,'monthly',35.00,'2026-12-01','2027-01-01',NULL,'pending',NULL,'','2026-04-14 02:37:21.286783','2026-04-14 02:37:21.286808',9),(109,'monthly',35.00,'2026-01-01','2026-02-01',NULL,'overdue',NULL,'','2026-04-14 02:58:45.857363','2026-04-14 02:58:45.857400',10),(110,'monthly',35.00,'2026-02-01','2026-03-01',NULL,'waived',NULL,'','2026-04-14 02:58:45.858755','2026-04-14 02:58:45.858788',10),(111,'monthly',35.00,'2026-03-01','2026-04-01',NULL,'waived',NULL,'','2026-04-14 02:58:45.862493','2026-04-14 02:58:45.862524',10),(112,'monthly',35.00,'2026-04-01','2026-05-01',NULL,'pending',NULL,'','2026-04-14 02:58:45.863495','2026-04-14 02:58:45.863524',10),(113,'monthly',35.00,'2026-05-01','2026-06-01',NULL,'pending',NULL,'','2026-04-14 02:58:45.864107','2026-04-14 02:58:45.864133',10),(114,'monthly',35.00,'2026-06-01','2026-07-01',NULL,'pending',NULL,'','2026-04-14 02:58:45.864845','2026-04-14 02:58:45.864869',10),(115,'monthly',35.00,'2026-07-01','2026-08-01',NULL,'pending',NULL,'','2026-04-14 02:58:45.868348','2026-04-14 02:58:45.868378',10),(116,'monthly',35.00,'2026-08-01','2026-09-01',NULL,'pending',NULL,'','2026-04-14 02:58:45.869054','2026-04-14 02:58:45.869085',10),(117,'monthly',35.00,'2026-09-01','2026-10-01',NULL,'pending',NULL,'','2026-04-14 02:58:45.869781','2026-04-14 02:58:45.869816',10),(118,'monthly',35.00,'2026-10-01','2026-11-01',NULL,'pending',NULL,'','2026-04-14 02:58:45.870494','2026-04-14 02:58:45.870523',10),(119,'monthly',35.00,'2026-11-01','2026-12-01',NULL,'pending',NULL,'','2026-04-14 02:58:45.880229','2026-04-14 02:58:45.880273',10),(120,'monthly',35.00,'2026-12-01','2027-01-01',NULL,'pending',NULL,'','2026-04-14 02:58:45.881408','2026-04-14 02:58:45.881453',10),(121,'monthly',35.00,'2026-01-01','2026-02-01',NULL,'overdue',NULL,'','2026-04-14 03:02:01.045332','2026-04-14 03:02:01.045364',11),(122,'monthly',35.00,'2026-02-01','2026-03-01',NULL,'waived',NULL,'','2026-04-14 03:02:01.046171','2026-04-14 03:02:01.046202',11),(123,'monthly',35.00,'2026-03-01','2026-04-01',NULL,'waived',NULL,'','2026-04-14 03:02:01.046832','2026-04-14 03:02:01.046863',11),(124,'monthly',35.00,'2026-04-01','2026-05-01',NULL,'pending',NULL,'','2026-04-14 03:02:01.047681','2026-04-14 03:02:01.047711',11),(125,'monthly',35.00,'2026-05-01','2026-06-01',NULL,'pending',NULL,'','2026-04-14 03:02:01.049378','2026-04-14 03:02:01.049407',11),(126,'monthly',35.00,'2026-06-01','2026-07-01',NULL,'pending',NULL,'','2026-04-14 03:02:01.051408','2026-04-14 03:02:01.051439',11),(127,'monthly',35.00,'2026-07-01','2026-08-01',NULL,'pending',NULL,'','2026-04-14 03:02:01.054095','2026-04-14 03:02:01.054235',11),(128,'monthly',35.00,'2026-08-01','2026-09-01',NULL,'pending',NULL,'','2026-04-14 03:02:01.054952','2026-04-14 03:02:01.054983',11),(129,'monthly',35.00,'2026-09-01','2026-10-01',NULL,'pending',NULL,'','2026-04-14 03:02:01.056549','2026-04-14 03:02:01.056581',11),(130,'monthly',35.00,'2026-10-01','2026-11-01',NULL,'pending',NULL,'','2026-04-14 03:02:01.058508','2026-04-14 03:02:01.058540',11),(131,'monthly',35.00,'2026-11-01','2026-12-01',NULL,'pending',NULL,'','2026-04-14 03:02:01.060205','2026-04-14 03:02:01.060237',11),(132,'monthly',35.00,'2026-12-01','2027-01-01',NULL,'pending',NULL,'','2026-04-14 03:02:01.060846','2026-04-14 03:02:01.060876',11),(133,'monthly',35.00,'2026-01-01','2026-02-01',NULL,'overdue',NULL,'','2026-04-14 03:12:11.434154','2026-04-14 03:12:11.434190',12),(134,'monthly',35.00,'2026-02-01','2026-03-01',NULL,'waived',NULL,'','2026-04-14 03:12:11.434993','2026-04-14 03:12:11.435023',12),(135,'monthly',35.00,'2026-03-01','2026-04-01',NULL,'waived',NULL,'','2026-04-14 03:12:11.435608','2026-04-14 03:12:11.435634',12),(136,'monthly',35.00,'2026-04-01','2026-05-01',NULL,'pending',NULL,'','2026-04-14 03:12:11.442433','2026-04-14 03:12:11.442471',12),(137,'monthly',35.00,'2026-05-01','2026-06-01',NULL,'pending',NULL,'','2026-04-14 03:12:11.443395','2026-04-14 03:12:11.443428',12),(138,'monthly',35.00,'2026-06-01','2026-07-01',NULL,'pending',NULL,'','2026-04-14 03:12:11.447319','2026-04-14 03:12:11.447349',12),(139,'monthly',35.00,'2026-07-01','2026-08-01',NULL,'pending',NULL,'','2026-04-14 03:12:11.448740','2026-04-14 03:12:11.448775',12),(140,'monthly',35.00,'2026-08-01','2026-09-01',NULL,'pending',NULL,'','2026-04-14 03:12:11.449951','2026-04-14 03:12:11.449984',12),(141,'monthly',35.00,'2026-09-01','2026-10-01',NULL,'pending',NULL,'','2026-04-14 03:12:11.453394','2026-04-14 03:12:11.453425',12),(142,'monthly',35.00,'2026-10-01','2026-11-01',NULL,'pending',NULL,'','2026-04-14 03:12:11.454012','2026-04-14 03:12:11.454064',12),(143,'monthly',35.00,'2026-11-01','2026-12-01',NULL,'pending',NULL,'','2026-04-14 03:12:11.454619','2026-04-14 03:12:11.454643',12),(144,'monthly',35.00,'2026-12-01','2027-01-01',NULL,'pending',NULL,'','2026-04-14 03:12:11.455642','2026-04-14 03:12:11.455673',12),(145,'monthly',35.00,'2026-01-01','2026-02-01',NULL,'overdue',NULL,'','2026-04-14 03:15:22.880349','2026-04-14 03:15:22.880386',13),(146,'monthly',35.00,'2026-02-01','2026-03-01',NULL,'waived',NULL,'','2026-04-14 03:15:22.882242','2026-04-14 03:15:22.882277',13),(147,'monthly',35.00,'2026-03-01','2026-04-01',NULL,'waived',NULL,'','2026-04-14 03:15:22.882909','2026-04-14 03:15:22.882940',13),(148,'monthly',35.00,'2026-04-01','2026-05-01',NULL,'pending',NULL,'','2026-04-14 03:15:22.884971','2026-04-14 03:15:22.885000',13),(149,'monthly',35.00,'2026-05-01','2026-06-01',NULL,'pending',NULL,'','2026-04-14 03:15:22.885625','2026-04-14 03:15:22.885653',13),(150,'monthly',35.00,'2026-06-01','2026-07-01',NULL,'pending',NULL,'','2026-04-14 03:15:22.888341','2026-04-14 03:15:22.888384',13),(151,'monthly',35.00,'2026-07-01','2026-08-01',NULL,'pending',NULL,'','2026-04-14 03:15:22.889368','2026-04-14 03:15:22.889393',13),(152,'monthly',35.00,'2026-08-01','2026-09-01',NULL,'pending',NULL,'','2026-04-14 03:15:22.891213','2026-04-14 03:15:22.891242',13),(153,'monthly',35.00,'2026-09-01','2026-10-01',NULL,'pending',NULL,'','2026-04-14 03:15:22.891808','2026-04-14 03:15:22.891839',13),(154,'monthly',35.00,'2026-10-01','2026-11-01',NULL,'pending',NULL,'','2026-04-14 03:15:22.892488','2026-04-14 03:15:22.892519',13),(155,'monthly',35.00,'2026-11-01','2026-12-01',NULL,'pending',NULL,'','2026-04-14 03:15:22.893943','2026-04-14 03:15:22.893968',13),(156,'monthly',35.00,'2026-12-01','2027-01-01',NULL,'pending',NULL,'','2026-04-14 03:15:22.895325','2026-04-14 03:15:22.895350',13),(157,'monthly',35.00,'2026-01-01','2026-02-01',NULL,'overdue',NULL,'','2026-04-14 03:18:26.125972','2026-04-14 03:18:26.126004',14),(158,'monthly',35.00,'2026-02-01','2026-03-01',NULL,'waived',NULL,'','2026-04-14 03:18:26.126782','2026-04-14 03:18:26.126811',14),(159,'monthly',35.00,'2026-03-01','2026-04-01',NULL,'waived',NULL,'','2026-04-14 03:18:26.129217','2026-04-14 03:18:26.129244',14),(160,'monthly',35.00,'2026-04-01','2026-05-01',NULL,'pending',NULL,'','2026-04-14 03:18:26.129811','2026-04-14 03:18:26.129839',14),(161,'monthly',35.00,'2026-05-01','2026-06-01',NULL,'pending',NULL,'','2026-04-14 03:18:26.130912','2026-04-14 03:18:26.130939',14),(162,'monthly',35.00,'2026-06-01','2026-07-01',NULL,'pending',NULL,'','2026-04-14 03:18:26.131704','2026-04-14 03:18:26.131731',14),(163,'monthly',35.00,'2026-07-01','2026-08-01',NULL,'pending',NULL,'','2026-04-14 03:18:26.132337','2026-04-14 03:18:26.132362',14),(164,'monthly',35.00,'2026-08-01','2026-09-01',NULL,'pending',NULL,'','2026-04-14 03:18:26.132981','2026-04-14 03:18:26.133006',14),(165,'monthly',35.00,'2026-09-01','2026-10-01',NULL,'pending',NULL,'','2026-04-14 03:18:26.133623','2026-04-14 03:18:26.133650',14),(166,'monthly',35.00,'2026-10-01','2026-11-01',NULL,'pending',NULL,'','2026-04-14 03:18:26.135352','2026-04-14 03:18:26.135384',14),(167,'monthly',35.00,'2026-11-01','2026-12-01',NULL,'pending',NULL,'','2026-04-14 03:18:26.135930','2026-04-14 03:18:26.135956',14),(168,'monthly',35.00,'2026-12-01','2027-01-01',NULL,'pending',NULL,'','2026-04-14 03:18:26.136501','2026-04-14 03:18:26.136527',14),(169,'monthly',35.00,'2026-01-01','2026-02-01',NULL,'overdue',NULL,'','2026-04-14 03:21:49.627475','2026-04-14 03:21:49.627514',15),(170,'monthly',35.00,'2026-02-01','2026-03-01',NULL,'waived',NULL,'','2026-04-14 03:21:49.630137','2026-04-14 03:21:49.630168',15),(171,'monthly',35.00,'2026-03-01','2026-04-01',NULL,'waived',NULL,'','2026-04-14 03:21:49.630750','2026-04-14 03:21:49.630777',15),(172,'monthly',35.00,'2026-04-01','2026-05-01',NULL,'pending',NULL,'','2026-04-14 03:21:49.631322','2026-04-14 03:21:49.631346',15),(173,'monthly',35.00,'2026-05-01','2026-06-01',NULL,'pending',NULL,'','2026-04-14 03:21:49.631846','2026-04-14 03:21:49.631871',15),(174,'monthly',35.00,'2026-06-01','2026-07-01',NULL,'pending',NULL,'','2026-04-14 03:21:49.632618','2026-04-14 03:21:49.632641',15),(175,'monthly',35.00,'2026-07-01','2026-08-01',NULL,'pending',NULL,'','2026-04-14 03:21:49.638457','2026-04-14 03:21:49.638487',15),(176,'monthly',35.00,'2026-08-01','2026-09-01',NULL,'pending',NULL,'','2026-04-14 03:21:49.640179','2026-04-14 03:21:49.640210',15),(177,'monthly',35.00,'2026-09-01','2026-10-01',NULL,'pending',NULL,'','2026-04-14 03:21:49.640766','2026-04-14 03:21:49.640790',15),(178,'monthly',35.00,'2026-10-01','2026-11-01',NULL,'pending',NULL,'','2026-04-14 03:21:49.641301','2026-04-14 03:21:49.641323',15),(179,'monthly',35.00,'2026-11-01','2026-12-01',NULL,'pending',NULL,'','2026-04-14 03:21:49.641825','2026-04-14 03:21:49.641849',15),(180,'monthly',35.00,'2026-12-01','2027-01-01',NULL,'pending',NULL,'','2026-04-14 03:21:49.645641','2026-04-14 03:21:49.645666',15),(181,'monthly',35.00,'2026-01-01','2026-02-01',NULL,'overdue',NULL,'','2026-04-14 03:24:04.710153','2026-04-14 03:24:04.710189',16),(182,'monthly',35.00,'2026-02-01','2026-03-01',NULL,'waived',NULL,'','2026-04-14 03:24:04.711088','2026-04-14 03:24:04.711120',16),(183,'monthly',35.00,'2026-03-01','2026-04-01',NULL,'waived',NULL,'','2026-04-14 03:24:04.711723','2026-04-14 03:24:04.711752',16),(184,'monthly',35.00,'2026-04-01','2026-05-01',NULL,'pending',NULL,'','2026-04-14 03:24:04.723615','2026-04-14 03:24:04.723654',16),(185,'monthly',35.00,'2026-05-01','2026-06-01',NULL,'pending',NULL,'','2026-04-14 03:24:04.725790','2026-04-14 03:24:04.725824',16),(186,'monthly',35.00,'2026-06-01','2026-07-01',NULL,'pending',NULL,'','2026-04-14 03:24:04.729751','2026-04-14 03:24:04.729786',16),(187,'monthly',35.00,'2026-07-01','2026-08-01',NULL,'pending',NULL,'','2026-04-14 03:24:04.750585','2026-04-14 03:24:04.750631',16),(188,'monthly',35.00,'2026-08-01','2026-09-01',NULL,'pending',NULL,'','2026-04-14 03:24:04.761944','2026-04-14 03:24:04.761991',16),(189,'monthly',35.00,'2026-09-01','2026-10-01',NULL,'pending',NULL,'','2026-04-14 03:24:04.762999','2026-04-14 03:24:04.763034',16),(190,'monthly',35.00,'2026-10-01','2026-11-01',NULL,'pending',NULL,'','2026-04-14 03:24:04.770687','2026-04-14 03:24:04.770728',16),(191,'monthly',35.00,'2026-11-01','2026-12-01',NULL,'pending',NULL,'','2026-04-14 03:24:04.772715','2026-04-14 03:24:04.772752',16),(192,'monthly',35.00,'2026-12-01','2027-01-01',NULL,'pending',NULL,'','2026-04-14 03:24:04.773414','2026-04-14 03:24:04.773444',16),(193,'monthly',35.00,'2026-01-01','2026-02-01',NULL,'overdue',NULL,'','2026-04-14 03:26:18.941317','2026-04-14 03:26:18.941353',17),(194,'monthly',35.00,'2026-02-01','2026-03-01',NULL,'waived',NULL,'','2026-04-14 03:26:18.942614','2026-04-14 03:26:18.942645',17),(195,'monthly',35.00,'2026-03-01','2026-04-01',NULL,'waived',NULL,'','2026-04-14 03:26:18.945019','2026-04-14 03:26:18.945068',17),(196,'monthly',35.00,'2026-04-01','2026-05-01',NULL,'pending',NULL,'','2026-04-14 03:26:18.945783','2026-04-14 03:26:18.945816',17),(197,'monthly',35.00,'2026-05-01','2026-06-01',NULL,'pending',NULL,'','2026-04-14 03:26:18.946634','2026-04-14 03:26:18.946668',17),(198,'monthly',35.00,'2026-06-01','2026-07-01',NULL,'pending',NULL,'','2026-04-14 03:26:18.948264','2026-04-14 03:26:18.948295',17),(199,'monthly',35.00,'2026-07-01','2026-08-01',NULL,'pending',NULL,'','2026-04-14 03:26:18.949397','2026-04-14 03:26:18.949429',17),(200,'monthly',35.00,'2026-08-01','2026-09-01',NULL,'pending',NULL,'','2026-04-14 03:26:18.950514','2026-04-14 03:26:18.950542',17),(201,'monthly',35.00,'2026-09-01','2026-10-01',NULL,'pending',NULL,'','2026-04-14 03:26:18.951640','2026-04-14 03:26:18.951671',17),(202,'monthly',35.00,'2026-10-01','2026-11-01',NULL,'pending',NULL,'','2026-04-14 03:26:18.952319','2026-04-14 03:26:18.952351',17),(203,'monthly',35.00,'2026-11-01','2026-12-01',NULL,'pending',NULL,'','2026-04-14 03:26:18.952935','2026-04-14 03:26:18.952962',17),(204,'monthly',35.00,'2026-12-01','2027-01-01',NULL,'pending',NULL,'','2026-04-14 03:26:18.955480','2026-04-14 03:26:18.955507',17),(205,'monthly',35.00,'2026-01-01','2026-02-01',NULL,'overdue',NULL,'','2026-04-14 03:28:23.451895','2026-04-14 03:28:23.451933',18),(206,'monthly',35.00,'2026-02-01','2026-03-01',NULL,'waived',NULL,'','2026-04-14 03:28:23.452741','2026-04-14 03:28:23.452772',18),(207,'monthly',35.00,'2026-03-01','2026-04-01',NULL,'waived',NULL,'','2026-04-14 03:28:23.453353','2026-04-14 03:28:23.453380',18),(208,'monthly',35.00,'2026-04-01','2026-05-01',NULL,'pending',NULL,'','2026-04-14 03:28:23.453900','2026-04-14 03:28:23.453925',18),(209,'monthly',35.00,'2026-05-01','2026-06-01',NULL,'pending',NULL,'','2026-04-14 03:28:23.457535','2026-04-14 03:28:23.457561',18),(210,'monthly',35.00,'2026-06-01','2026-07-01',NULL,'pending',NULL,'','2026-04-14 03:28:23.458146','2026-04-14 03:28:23.458173',18),(211,'monthly',35.00,'2026-07-01','2026-08-01',NULL,'pending',NULL,'','2026-04-14 03:28:23.458750','2026-04-14 03:28:23.458779',18),(212,'monthly',35.00,'2026-08-01','2026-09-01',NULL,'pending',NULL,'','2026-04-14 03:28:23.459354','2026-04-14 03:28:23.459379',18),(213,'monthly',35.00,'2026-09-01','2026-10-01',NULL,'pending',NULL,'','2026-04-14 03:28:23.459901','2026-04-14 03:28:23.459926',18),(214,'monthly',35.00,'2026-10-01','2026-11-01',NULL,'pending',NULL,'','2026-04-14 03:28:23.464811','2026-04-14 03:28:23.464840',18),(215,'monthly',35.00,'2026-11-01','2026-12-01',NULL,'pending',NULL,'','2026-04-14 03:28:23.465423','2026-04-14 03:28:23.465448',18),(216,'monthly',35.00,'2026-12-01','2027-01-01',NULL,'pending',NULL,'','2026-04-14 03:28:23.465986','2026-04-14 03:28:23.466014',18),(217,'monthly',35.00,'2026-01-01','2026-02-01',NULL,'overdue',NULL,'','2026-04-14 03:31:31.383224','2026-04-14 03:31:31.383271',19),(218,'monthly',35.00,'2026-02-01','2026-03-01',NULL,'waived',NULL,'','2026-04-14 03:31:31.384374','2026-04-14 03:31:31.384434',19),(219,'monthly',35.00,'2026-03-01','2026-04-01',NULL,'waived',NULL,'','2026-04-14 03:31:31.386652','2026-04-14 03:31:31.386688',19),(220,'monthly',35.00,'2026-04-01','2026-05-01',NULL,'pending',NULL,'','2026-04-14 03:31:31.388490','2026-04-14 03:31:31.388524',19),(221,'monthly',35.00,'2026-05-01','2026-06-01',NULL,'pending',NULL,'','2026-04-14 03:31:31.389818','2026-04-14 03:31:31.389900',19),(222,'monthly',35.00,'2026-06-01','2026-07-01',NULL,'pending',NULL,'','2026-04-14 03:31:31.392762','2026-04-14 03:31:31.392793',19),(223,'monthly',35.00,'2026-07-01','2026-08-01',NULL,'pending',NULL,'','2026-04-14 03:31:31.394673','2026-04-14 03:31:31.394705',19),(224,'monthly',35.00,'2026-08-01','2026-09-01',NULL,'pending',NULL,'','2026-04-14 03:31:31.396006','2026-04-14 03:31:31.396052',19),(225,'monthly',35.00,'2026-09-01','2026-10-01',NULL,'pending',NULL,'','2026-04-14 03:31:31.396982','2026-04-14 03:31:31.397012',19),(226,'monthly',35.00,'2026-10-01','2026-11-01',NULL,'pending',NULL,'','2026-04-14 03:31:31.397660','2026-04-14 03:31:31.397688',19),(227,'monthly',35.00,'2026-11-01','2026-12-01',NULL,'pending',NULL,'','2026-04-14 03:31:31.398321','2026-04-14 03:31:31.398348',19),(228,'monthly',35.00,'2026-12-01','2027-01-01',NULL,'pending',NULL,'','2026-04-14 03:31:31.399283','2026-04-14 03:31:31.399312',19),(229,'monthly',35.00,'2026-01-01','2026-02-01',NULL,'overdue',NULL,'','2026-04-14 03:34:31.643086','2026-04-14 03:34:31.643126',20),(230,'monthly',35.00,'2026-02-01','2026-03-01',NULL,'waived',NULL,'','2026-04-14 03:34:31.644182','2026-04-14 03:34:31.644215',20),(231,'monthly',35.00,'2026-03-01','2026-04-01',NULL,'waived',NULL,'','2026-04-14 03:34:31.644907','2026-04-14 03:34:31.644939',20),(232,'monthly',35.00,'2026-04-01','2026-05-01',NULL,'pending',NULL,'','2026-04-14 03:34:31.645629','2026-04-14 03:34:31.645660',20),(233,'monthly',35.00,'2026-05-01','2026-06-01',NULL,'pending',NULL,'','2026-04-14 03:34:31.646317','2026-04-14 03:34:31.646350',20),(234,'monthly',35.00,'2026-06-01','2026-07-01',NULL,'pending',NULL,'','2026-04-14 03:34:31.647232','2026-04-14 03:34:31.647265',20),(235,'monthly',35.00,'2026-07-01','2026-08-01',NULL,'pending',NULL,'','2026-04-14 03:34:31.649575','2026-04-14 03:34:31.649607',20),(236,'monthly',35.00,'2026-08-01','2026-09-01',NULL,'pending',NULL,'','2026-04-14 03:34:31.650275','2026-04-14 03:34:31.650316',20),(237,'monthly',35.00,'2026-09-01','2026-10-01',NULL,'pending',NULL,'','2026-04-14 03:34:31.650933','2026-04-14 03:34:31.650963',20),(238,'monthly',35.00,'2026-10-01','2026-11-01',NULL,'pending',NULL,'','2026-04-14 03:34:31.651602','2026-04-14 03:34:31.651633',20),(239,'monthly',35.00,'2026-11-01','2026-12-01',NULL,'pending',NULL,'','2026-04-14 03:34:31.653295','2026-04-14 03:34:31.653327',20),(240,'monthly',35.00,'2026-12-01','2027-01-01',NULL,'pending',NULL,'','2026-04-14 03:34:31.653945','2026-04-14 03:34:31.653974',20),(241,'monthly',35.00,'2026-01-01','2026-02-01',NULL,'overdue',NULL,'','2026-04-14 03:45:28.436563','2026-04-14 03:45:28.436601',21),(242,'monthly',35.00,'2026-02-01','2026-03-01',NULL,'waived',NULL,'','2026-04-14 03:45:28.437851','2026-04-15 19:03:07.008914',21),(243,'monthly',35.00,'2026-03-01','2026-04-01',NULL,'waived',NULL,'','2026-04-14 03:45:28.438497','2026-04-14 03:45:28.438524',21),(244,'monthly',35.00,'2026-04-01','2026-05-01',NULL,'pending',NULL,'','2026-04-14 03:45:28.440305','2026-04-14 03:45:28.440344',21),(245,'monthly',35.00,'2026-05-01','2026-06-01',NULL,'pending',NULL,'','2026-04-14 03:45:28.442347','2026-04-14 03:45:28.442374',21),(246,'monthly',35.00,'2026-06-01','2026-07-01',NULL,'pending',NULL,'','2026-04-14 03:45:28.442897','2026-04-14 03:45:28.442921',21),(247,'monthly',35.00,'2026-07-01','2026-08-01',NULL,'pending',NULL,'','2026-04-14 03:45:28.443586','2026-04-14 03:45:28.443610',21),(248,'monthly',35.00,'2026-08-01','2026-09-01',NULL,'pending',NULL,'','2026-04-14 03:45:28.444240','2026-04-14 03:45:28.444304',21),(249,'monthly',35.00,'2026-09-01','2026-10-01',NULL,'pending',NULL,'','2026-04-14 03:45:28.445062','2026-04-14 03:45:28.445090',21),(250,'monthly',35.00,'2026-10-01','2026-11-01',NULL,'pending',NULL,'','2026-04-14 03:45:28.446912','2026-04-14 03:45:28.446937',21),(251,'monthly',35.00,'2026-11-01','2026-12-01',NULL,'pending',NULL,'','2026-04-14 03:45:28.448443','2026-04-14 03:45:28.448483',21),(252,'monthly',35.00,'2026-12-01','2027-01-01',NULL,'pending',NULL,'','2026-04-14 03:45:28.449030','2026-04-14 03:45:28.450783',21),(253,'monthly',35.00,'2026-01-01','2026-02-01',NULL,'overdue',NULL,'','2026-04-14 03:48:01.884087','2026-04-14 03:48:01.884132',22),(254,'monthly',35.00,'2026-02-01','2026-03-01',NULL,'waived',NULL,'','2026-04-14 03:48:01.886359','2026-04-14 03:48:01.886399',22),(255,'monthly',35.00,'2026-03-01','2026-04-01',NULL,'waived',NULL,'','2026-04-14 03:48:01.889197','2026-04-14 03:48:01.889236',22),(256,'monthly',35.00,'2026-04-01','2026-05-01',NULL,'pending',NULL,'','2026-04-14 03:48:01.890026','2026-04-14 03:48:01.890081',22),(257,'monthly',35.00,'2026-05-01','2026-06-01',NULL,'pending',NULL,'','2026-04-14 03:48:01.892170','2026-04-14 03:48:01.892206',22),(258,'monthly',35.00,'2026-06-01','2026-07-01',NULL,'pending',NULL,'','2026-04-14 03:48:01.893118','2026-04-14 03:48:01.893151',22),(259,'monthly',35.00,'2026-07-01','2026-08-01',NULL,'pending',NULL,'','2026-04-14 03:48:01.893784','2026-04-14 03:48:01.893815',22),(260,'monthly',35.00,'2026-08-01','2026-09-01',NULL,'pending',NULL,'','2026-04-14 03:48:01.896196','2026-04-14 03:48:01.896228',22),(261,'monthly',35.00,'2026-09-01','2026-10-01',NULL,'pending',NULL,'','2026-04-14 03:48:01.896865','2026-04-14 03:48:01.896898',22),(262,'monthly',35.00,'2026-10-01','2026-11-01',NULL,'pending',NULL,'','2026-04-14 03:48:01.897550','2026-04-14 03:48:01.897582',22),(263,'monthly',35.00,'2026-11-01','2026-12-01',NULL,'pending',NULL,'','2026-04-14 03:48:01.900341','2026-04-14 03:48:01.900374',22),(264,'monthly',35.00,'2026-12-01','2027-01-01',NULL,'pending',NULL,'','2026-04-14 03:48:01.904267','2026-04-14 03:48:01.904294',22),(265,'monthly',35.00,'2026-01-01','2026-02-01',NULL,'overdue',NULL,'','2026-04-14 03:51:51.410534','2026-04-14 03:51:51.410566',23),(266,'monthly',35.00,'2026-02-01','2026-03-01',NULL,'waived',NULL,'','2026-04-14 03:51:51.411733','2026-04-14 03:51:51.411763',23),(267,'monthly',35.00,'2026-03-01','2026-04-01',NULL,'waived',NULL,'','2026-04-14 03:51:51.412476','2026-04-14 03:51:51.412504',23),(268,'monthly',35.00,'2026-04-01','2026-05-01',NULL,'pending',NULL,'','2026-04-14 03:51:51.413079','2026-04-14 03:51:51.413107',23),(269,'monthly',35.00,'2026-05-01','2026-06-01',NULL,'pending',NULL,'','2026-04-14 03:51:51.413711','2026-04-14 03:51:51.413740',23),(270,'monthly',35.00,'2026-06-01','2026-07-01',NULL,'pending',NULL,'','2026-04-14 03:51:51.414711','2026-04-14 03:51:51.414737',23),(271,'monthly',35.00,'2026-07-01','2026-08-01',NULL,'pending',NULL,'','2026-04-14 03:51:51.415873','2026-04-14 03:51:51.415898',23),(272,'monthly',35.00,'2026-08-01','2026-09-01',NULL,'pending',NULL,'','2026-04-14 03:51:51.416538','2026-04-14 03:51:51.416566',23),(273,'monthly',35.00,'2026-09-01','2026-10-01',NULL,'pending',NULL,'','2026-04-14 03:51:51.417146','2026-04-14 03:51:51.417170',23),(274,'monthly',35.00,'2026-10-01','2026-11-01',NULL,'pending',NULL,'','2026-04-14 03:51:51.417835','2026-04-14 03:51:51.417861',23),(275,'monthly',35.00,'2026-11-01','2026-12-01',NULL,'pending',NULL,'','2026-04-14 03:51:51.418428','2026-04-14 03:51:51.418453',23),(276,'monthly',35.00,'2026-12-01','2027-01-01',NULL,'pending',NULL,'','2026-04-14 03:51:51.418967','2026-04-14 03:51:51.418990',23),(277,'monthly',35.00,'2026-01-01','2026-02-01',NULL,'overdue',NULL,'','2026-04-14 03:54:35.513153','2026-04-14 03:54:35.513322',24),(278,'monthly',35.00,'2026-02-01','2026-03-01',NULL,'waived',NULL,'','2026-04-14 03:54:35.516635','2026-04-14 03:54:35.516671',24),(279,'monthly',35.00,'2026-03-01','2026-04-01',NULL,'waived',NULL,'','2026-04-14 03:54:35.517365','2026-04-14 03:54:35.517396',24),(280,'monthly',35.00,'2026-04-01','2026-05-01',NULL,'pending',NULL,'','2026-04-14 03:54:35.520343','2026-04-14 03:54:35.520375',24),(281,'monthly',35.00,'2026-05-01','2026-06-01',NULL,'pending',NULL,'','2026-04-14 03:54:35.521137','2026-04-14 03:54:35.521169',24),(282,'monthly',35.00,'2026-06-01','2026-07-01',NULL,'pending',NULL,'','2026-04-14 03:54:35.522873','2026-04-14 03:54:35.522904',24),(283,'monthly',35.00,'2026-07-01','2026-08-01',NULL,'pending',NULL,'','2026-04-14 03:54:35.523545','2026-04-14 03:54:35.523575',24),(284,'monthly',35.00,'2026-08-01','2026-09-01',NULL,'pending',NULL,'','2026-04-14 03:54:35.526168','2026-04-14 03:54:35.526199',24),(285,'monthly',35.00,'2026-09-01','2026-10-01',NULL,'pending',NULL,'','2026-04-14 03:54:35.526824','2026-04-14 03:54:35.526849',24),(286,'monthly',35.00,'2026-10-01','2026-11-01',NULL,'pending',NULL,'','2026-04-14 03:54:35.531571','2026-04-14 03:54:35.531601',24),(287,'monthly',35.00,'2026-11-01','2026-12-01',NULL,'pending',NULL,'','2026-04-14 03:54:35.532240','2026-04-14 03:54:35.532268',24),(288,'monthly',35.00,'2026-12-01','2027-01-01',NULL,'pending',NULL,'','2026-04-14 03:54:35.532804','2026-04-14 03:54:35.532830',24),(289,'monthly',35.00,'2026-01-01','2026-02-01',NULL,'overdue',NULL,'','2026-04-14 03:56:24.448473','2026-04-14 03:56:24.448509',25),(290,'monthly',35.00,'2026-02-01','2026-03-01',NULL,'waived',NULL,'','2026-04-14 03:56:24.450185','2026-04-14 03:56:24.450222',25),(291,'monthly',35.00,'2026-03-01','2026-04-01',NULL,'waived',NULL,'','2026-04-14 03:56:24.450885','2026-04-14 03:56:24.450913',25),(292,'monthly',35.00,'2026-04-01','2026-05-01',NULL,'pending',NULL,'','2026-04-14 03:56:24.451595','2026-04-14 03:56:24.451622',25),(293,'monthly',35.00,'2026-05-01','2026-06-01',NULL,'pending',NULL,'','2026-04-14 03:56:24.455873','2026-04-14 03:56:24.456243',25),(294,'monthly',35.00,'2026-06-01','2026-07-01',NULL,'pending',NULL,'','2026-04-14 03:56:24.456892','2026-04-14 03:56:24.456921',25),(295,'monthly',35.00,'2026-07-01','2026-08-01',NULL,'pending',NULL,'','2026-04-14 03:56:24.458561','2026-04-14 03:56:24.458589',25),(296,'monthly',35.00,'2026-08-01','2026-09-01',NULL,'pending',NULL,'','2026-04-14 03:56:24.459510','2026-04-14 03:56:24.459538',25),(297,'monthly',35.00,'2026-09-01','2026-10-01',NULL,'pending',NULL,'','2026-04-14 03:56:24.460850','2026-04-14 03:56:24.460880',25),(298,'monthly',35.00,'2026-10-01','2026-11-01',NULL,'pending',NULL,'','2026-04-14 03:56:24.463937','2026-04-14 03:56:24.464113',25),(299,'monthly',35.00,'2026-11-01','2026-12-01',NULL,'pending',NULL,'','2026-04-14 03:56:24.465248','2026-04-14 03:56:24.465278',25),(300,'monthly',35.00,'2026-12-01','2027-01-01',NULL,'pending',NULL,'','2026-04-14 03:56:24.466584','2026-04-14 03:56:24.466966',25),(301,'monthly',35.00,'2026-01-01','2026-02-01',NULL,'overdue',NULL,'','2026-04-14 03:59:49.775633','2026-04-14 03:59:49.775664',26),(302,'monthly',35.00,'2026-02-01','2026-03-01',NULL,'waived',NULL,'','2026-04-14 03:59:49.778671','2026-04-14 03:59:49.778716',26),(303,'monthly',35.00,'2026-03-01','2026-04-01',NULL,'waived',NULL,'','2026-04-14 03:59:49.779330','2026-04-14 03:59:49.779357',26),(304,'monthly',35.00,'2026-04-01','2026-05-01',NULL,'pending',NULL,'','2026-04-14 03:59:49.779918','2026-04-14 03:59:49.779944',26),(305,'monthly',35.00,'2026-05-01','2026-06-01',NULL,'pending',NULL,'','2026-04-14 03:59:49.780523','2026-04-14 03:59:49.780549',26),(306,'monthly',35.00,'2026-06-01','2026-07-01',NULL,'pending',NULL,'','2026-04-14 03:59:49.781464','2026-04-14 03:59:49.781492',26),(307,'monthly',35.00,'2026-07-01','2026-08-01',NULL,'pending',NULL,'','2026-04-14 03:59:49.785143','2026-04-14 03:59:49.785173',26),(308,'monthly',35.00,'2026-08-01','2026-09-01',NULL,'pending',NULL,'','2026-04-14 03:59:49.785741','2026-04-14 03:59:49.785768',26),(309,'monthly',35.00,'2026-09-01','2026-10-01',NULL,'pending',NULL,'','2026-04-14 03:59:49.788229','2026-04-14 03:59:49.788257',26),(310,'monthly',35.00,'2026-10-01','2026-11-01',NULL,'pending',NULL,'','2026-04-14 03:59:49.788812','2026-04-14 03:59:49.788838',26),(311,'monthly',35.00,'2026-11-01','2026-12-01',NULL,'pending',NULL,'','2026-04-14 03:59:49.789402','2026-04-14 03:59:49.789428',26),(312,'monthly',35.00,'2026-12-01','2027-01-01',NULL,'pending',NULL,'','2026-04-14 03:59:49.790003','2026-04-14 03:59:49.790030',26),(313,'monthly',35.00,'2026-01-01','2026-02-01',NULL,'overdue',NULL,'','2026-04-14 04:02:14.683965','2026-04-14 04:02:14.683998',27),(314,'monthly',35.00,'2026-02-01','2026-03-01',NULL,'waived',NULL,'','2026-04-14 04:02:14.686530','2026-04-14 04:02:14.686566',27),(315,'monthly',35.00,'2026-03-01','2026-04-01',NULL,'waived',NULL,'','2026-04-14 04:02:14.687264','2026-04-14 04:02:14.687297',27),(316,'monthly',35.00,'2026-04-01','2026-05-01',NULL,'pending',NULL,'','2026-04-14 04:02:14.687873','2026-04-14 04:02:14.687901',27),(317,'monthly',35.00,'2026-05-01','2026-06-01',NULL,'pending',NULL,'','2026-04-14 04:02:14.688498','2026-04-14 04:02:14.688524',27),(318,'monthly',35.00,'2026-06-01','2026-07-01',NULL,'pending',NULL,'','2026-04-14 04:02:14.689750','2026-04-14 04:02:14.689782',27),(319,'monthly',35.00,'2026-07-01','2026-08-01',NULL,'pending',NULL,'','2026-04-14 04:02:14.690415','2026-04-14 04:02:14.690442',27),(320,'monthly',35.00,'2026-08-01','2026-09-01',NULL,'pending',NULL,'','2026-04-14 04:02:14.690976','2026-04-14 04:02:14.691002',27),(321,'monthly',35.00,'2026-09-01','2026-10-01',NULL,'pending',NULL,'','2026-04-14 04:02:14.691529','2026-04-14 04:02:14.691552',27),(322,'monthly',35.00,'2026-10-01','2026-11-01',NULL,'pending',NULL,'','2026-04-14 04:02:14.693356','2026-04-14 04:02:14.693384',27),(323,'monthly',35.00,'2026-11-01','2026-12-01',NULL,'pending',NULL,'','2026-04-14 04:02:14.693929','2026-04-14 04:02:14.693955',27),(324,'monthly',35.00,'2026-12-01','2027-01-01',NULL,'pending',NULL,'','2026-04-14 04:02:14.694545','2026-04-14 04:02:14.694573',27),(325,'monthly',35.00,'2026-01-01','2026-02-01',NULL,'overdue',NULL,'','2026-04-14 04:04:25.368308','2026-04-14 04:04:25.368342',28),(326,'monthly',35.00,'2026-02-01','2026-03-01',NULL,'waived',NULL,'','2026-04-14 04:04:25.369618','2026-04-14 04:04:25.369645',28),(327,'monthly',35.00,'2026-03-01','2026-04-01',NULL,'waived',NULL,'','2026-04-14 04:04:25.370209','2026-04-14 04:04:25.370234',28),(328,'monthly',35.00,'2026-04-01','2026-05-01',NULL,'pending',NULL,'','2026-04-14 04:04:25.370754','2026-04-14 04:04:25.370778',28),(329,'monthly',35.00,'2026-05-01','2026-06-01',NULL,'pending',NULL,'','2026-04-14 04:04:25.371337','2026-04-14 04:04:25.371364',28),(330,'monthly',35.00,'2026-06-01','2026-07-01',NULL,'pending',NULL,'','2026-04-14 04:04:25.373713','2026-04-14 04:04:25.373742',28),(331,'monthly',35.00,'2026-07-01','2026-08-01',NULL,'pending',NULL,'','2026-04-14 04:04:25.374339','2026-04-14 04:04:25.374367',28),(332,'monthly',35.00,'2026-08-01','2026-09-01',NULL,'pending',NULL,'','2026-04-14 04:04:25.375017','2026-04-14 04:04:25.375065',28),(333,'monthly',35.00,'2026-09-01','2026-10-01',NULL,'pending',NULL,'','2026-04-14 04:04:25.375638','2026-04-14 04:04:25.375667',28),(334,'monthly',35.00,'2026-10-01','2026-11-01',NULL,'pending',NULL,'','2026-04-14 04:04:25.376501','2026-04-14 04:04:25.376531',28),(335,'monthly',35.00,'2026-11-01','2026-12-01',NULL,'pending',NULL,'','2026-04-14 04:04:25.378419','2026-04-14 04:04:25.378449',28),(336,'monthly',35.00,'2026-12-01','2027-01-01',NULL,'pending',NULL,'','2026-04-14 04:04:25.379054','2026-04-14 04:04:25.379081',28),(337,'monthly',35.00,'2026-01-01','2026-02-01',NULL,'overdue',NULL,'','2026-04-14 04:06:52.072892','2026-04-14 04:06:52.072927',29),(338,'monthly',35.00,'2026-02-01','2026-03-01',NULL,'waived',NULL,'','2026-04-14 04:06:52.074165','2026-04-14 04:06:52.074199',29),(339,'monthly',35.00,'2026-03-01','2026-04-01',NULL,'waived',NULL,'','2026-04-14 04:06:52.075789','2026-04-14 04:06:52.075820',29),(340,'monthly',35.00,'2026-04-01','2026-05-01',NULL,'pending',NULL,'','2026-04-14 04:06:52.076514','2026-04-14 04:06:52.076545',29),(341,'monthly',35.00,'2026-05-01','2026-06-01',NULL,'pending',NULL,'','2026-04-14 04:06:52.077187','2026-04-14 04:06:52.077219',29),(342,'monthly',35.00,'2026-06-01','2026-07-01',NULL,'pending',NULL,'','2026-04-14 04:06:52.078075','2026-04-14 04:06:52.078106',29),(343,'monthly',35.00,'2026-07-01','2026-08-01',NULL,'pending',NULL,'','2026-04-14 04:06:52.078713','2026-04-14 04:06:52.078741',29),(344,'monthly',35.00,'2026-08-01','2026-09-01',NULL,'pending',NULL,'','2026-04-14 04:06:52.079370','2026-04-14 04:06:52.079400',29),(345,'monthly',35.00,'2026-09-01','2026-10-01',NULL,'pending',NULL,'','2026-04-14 04:06:52.081326','2026-04-14 04:06:52.081355',29),(346,'monthly',35.00,'2026-10-01','2026-11-01',NULL,'pending',NULL,'','2026-04-14 04:06:52.081891','2026-04-14 04:06:52.081916',29),(347,'monthly',35.00,'2026-11-01','2026-12-01',NULL,'pending',NULL,'','2026-04-14 04:06:52.082481','2026-04-14 04:06:52.082511',29),(348,'monthly',35.00,'2026-12-01','2027-01-01',NULL,'pending',NULL,'','2026-04-14 04:06:52.084273','2026-04-14 04:06:52.084305',29),(349,'monthly',35.00,'2026-01-01','2026-02-01',NULL,'overdue',NULL,'','2026-04-14 04:08:51.467559','2026-04-14 04:08:51.467605',30),(350,'monthly',35.00,'2026-02-01','2026-03-01',NULL,'waived',NULL,'','2026-04-14 04:08:51.476231','2026-04-14 04:08:51.476279',30),(351,'monthly',35.00,'2026-03-01','2026-04-01',NULL,'waived',NULL,'','2026-04-14 04:08:51.477208','2026-04-14 04:08:51.477245',30),(352,'monthly',35.00,'2026-04-01','2026-05-01',NULL,'pending',NULL,'','2026-04-14 04:08:51.477955','2026-04-14 04:08:51.477987',30),(353,'monthly',35.00,'2026-05-01','2026-06-01',NULL,'pending',NULL,'','2026-04-14 04:08:51.478701','2026-04-14 04:08:51.478733',30),(354,'monthly',35.00,'2026-06-01','2026-07-01',NULL,'pending',NULL,'','2026-04-14 04:08:51.483107','2026-04-14 04:08:51.483147',30),(355,'monthly',35.00,'2026-07-01','2026-08-01',NULL,'pending',NULL,'','2026-04-14 04:08:51.484249','2026-04-14 04:08:51.484278',30),(356,'monthly',35.00,'2026-08-01','2026-09-01',NULL,'pending',NULL,'','2026-04-14 04:08:51.484847','2026-04-14 04:08:51.484874',30),(357,'monthly',35.00,'2026-09-01','2026-10-01',NULL,'pending',NULL,'','2026-04-14 04:08:51.485468','2026-04-14 04:08:51.485495',30),(358,'monthly',35.00,'2026-10-01','2026-11-01',NULL,'pending',NULL,'','2026-04-14 04:08:51.489334','2026-04-14 04:08:51.489366',30),(359,'monthly',35.00,'2026-11-01','2026-12-01',NULL,'pending',NULL,'','2026-04-14 04:08:51.490034','2026-04-14 04:08:51.490086',30),(360,'monthly',35.00,'2026-12-01','2027-01-01',NULL,'pending',NULL,'','2026-04-14 04:08:51.490663','2026-04-14 04:08:51.490694',30),(361,'monthly',35.00,'2026-01-01','2026-02-01',NULL,'overdue',NULL,'','2026-04-14 04:11:17.611007','2026-04-14 04:11:17.612152',31),(362,'monthly',35.00,'2026-02-01','2026-03-01',NULL,'waived',NULL,'','2026-04-14 04:11:17.616065','2026-04-14 04:11:17.616103',31),(363,'monthly',35.00,'2026-03-01','2026-04-01',NULL,'waived',NULL,'','2026-04-14 04:11:17.616813','2026-04-14 04:11:17.616844',31),(364,'monthly',35.00,'2026-04-01','2026-05-01',NULL,'pending',NULL,'','2026-04-14 04:11:17.618558','2026-04-14 04:11:17.618587',31),(365,'monthly',35.00,'2026-05-01','2026-06-01',NULL,'pending',NULL,'','2026-04-14 04:11:17.620696','2026-04-14 04:11:17.620727',31),(366,'monthly',35.00,'2026-06-01','2026-07-01',NULL,'pending',NULL,'','2026-04-14 04:11:17.623477','2026-04-14 04:11:17.623503',31),(367,'monthly',35.00,'2026-07-01','2026-08-01',NULL,'pending',NULL,'','2026-04-14 04:11:17.624013','2026-04-14 04:11:17.624057',31),(368,'monthly',35.00,'2026-08-01','2026-09-01',NULL,'pending',NULL,'','2026-04-14 04:11:17.624562','2026-04-14 04:11:17.624585',31),(369,'monthly',35.00,'2026-09-01','2026-10-01',NULL,'pending',NULL,'','2026-04-14 04:11:17.629180','2026-04-14 04:11:17.629218',31),(370,'monthly',35.00,'2026-10-01','2026-11-01',NULL,'pending',NULL,'','2026-04-14 04:11:17.630140','2026-04-14 04:11:17.630165',31),(371,'monthly',35.00,'2026-11-01','2026-12-01',NULL,'pending',NULL,'','2026-04-14 04:11:17.630742','2026-04-14 04:11:17.630769',31),(372,'monthly',35.00,'2026-12-01','2027-01-01',NULL,'pending',NULL,'','2026-04-14 04:11:17.636560','2026-04-14 04:11:17.636594',31),(373,'monthly',35.00,'2026-01-01','2026-02-01',NULL,'overdue',NULL,'','2026-04-14 04:18:52.636193','2026-04-14 04:18:52.636233',32),(374,'monthly',35.00,'2026-02-01','2026-03-01',NULL,'waived',NULL,'','2026-04-14 04:18:52.637698','2026-04-14 04:18:52.637730',32),(375,'monthly',35.00,'2026-03-01','2026-04-01',NULL,'waived',NULL,'','2026-04-14 04:18:52.639023','2026-04-14 04:18:52.639074',32),(376,'monthly',35.00,'2026-04-01','2026-05-01',NULL,'pending',NULL,'','2026-04-14 04:18:52.639826','2026-04-14 04:18:52.639852',32),(377,'monthly',35.00,'2026-05-01','2026-06-01',NULL,'pending',NULL,'','2026-04-14 04:18:52.641140','2026-04-14 04:18:52.641169',32),(378,'monthly',35.00,'2026-06-01','2026-07-01',NULL,'pending',NULL,'','2026-04-14 04:18:52.642008','2026-04-14 04:18:52.642118',32),(379,'monthly',35.00,'2026-07-01','2026-08-01',NULL,'pending',NULL,'','2026-04-14 04:18:52.642695','2026-04-14 04:18:52.642740',32),(380,'monthly',35.00,'2026-08-01','2026-09-01',NULL,'pending',NULL,'','2026-04-14 04:18:52.644153','2026-04-14 04:18:52.644177',32),(381,'monthly',35.00,'2026-09-01','2026-10-01',NULL,'pending',NULL,'','2026-04-14 04:18:52.644680','2026-04-14 04:18:52.644706',32),(382,'monthly',35.00,'2026-10-01','2026-11-01',NULL,'pending',NULL,'','2026-04-14 04:18:52.645296','2026-04-14 04:18:52.645323',32),(383,'monthly',35.00,'2026-11-01','2026-12-01',NULL,'pending',NULL,'','2026-04-14 04:18:52.645930','2026-04-14 04:18:52.645957',32),(384,'monthly',35.00,'2026-12-01','2027-01-01',NULL,'pending',NULL,'','2026-04-14 04:18:52.647120','2026-04-14 04:18:52.647161',32),(385,'monthly',35.00,'2026-01-01','2026-02-01',NULL,'overdue',NULL,'','2026-04-14 04:22:12.302762','2026-04-14 04:22:12.302800',33),(386,'monthly',35.00,'2026-02-01','2026-03-01',NULL,'waived',NULL,'','2026-04-14 04:22:12.306003','2026-04-14 04:22:12.306034',33),(387,'monthly',35.00,'2026-03-01','2026-04-01',NULL,'waived',NULL,'','2026-04-14 04:22:12.306655','2026-04-14 04:22:12.306685',33),(388,'monthly',35.00,'2026-04-01','2026-05-01',NULL,'pending',NULL,'','2026-04-14 04:22:12.307682','2026-04-14 04:22:12.307711',33),(389,'monthly',35.00,'2026-05-01','2026-06-01',NULL,'pending',NULL,'','2026-04-14 04:22:12.309488','2026-04-14 04:22:12.309516',33),(390,'monthly',35.00,'2026-06-01','2026-07-01',NULL,'pending',NULL,'','2026-04-14 04:22:12.310120','2026-04-14 04:22:12.310208',33),(391,'monthly',35.00,'2026-07-01','2026-08-01',NULL,'pending',NULL,'','2026-04-14 04:22:12.311333','2026-04-14 04:22:12.311360',33),(392,'monthly',35.00,'2026-08-01','2026-09-01',NULL,'pending',NULL,'','2026-04-14 04:22:12.313252','2026-04-14 04:22:12.313280',33),(393,'monthly',35.00,'2026-09-01','2026-10-01',NULL,'pending',NULL,'','2026-04-14 04:22:12.313854','2026-04-14 04:22:12.313881',33),(394,'monthly',35.00,'2026-10-01','2026-11-01',NULL,'pending',NULL,'','2026-04-14 04:22:12.314474','2026-04-14 04:22:12.314503',33),(395,'monthly',35.00,'2026-11-01','2026-12-01',NULL,'pending',NULL,'','2026-04-14 04:22:12.316733','2026-04-14 04:22:12.316760',33),(396,'monthly',35.00,'2026-12-01','2027-01-01',NULL,'pending',NULL,'','2026-04-14 04:22:12.317336','2026-04-14 04:22:12.317361',33),(397,'monthly',35.00,'2026-01-01','2026-02-01',NULL,'overdue',NULL,'','2026-04-14 04:27:11.423025','2026-04-14 04:27:11.423078',34),(398,'monthly',35.00,'2026-02-01','2026-03-01',NULL,'waived',NULL,'','2026-04-14 04:27:11.425429','2026-04-14 04:27:11.425456',34),(399,'monthly',35.00,'2026-03-01','2026-04-01',NULL,'waived',NULL,'','2026-04-14 04:27:11.426069','2026-04-14 04:27:11.426098',34),(400,'monthly',35.00,'2026-04-01','2026-05-01',NULL,'pending',NULL,'','2026-04-14 04:27:11.427129','2026-04-14 04:27:11.427158',34),(401,'monthly',35.00,'2026-05-01','2026-06-01',NULL,'pending',NULL,'','2026-04-14 04:27:11.427722','2026-04-14 04:27:11.427747',34),(402,'monthly',35.00,'2026-06-01','2026-07-01',NULL,'pending',NULL,'','2026-04-14 04:27:11.430068','2026-04-14 04:27:11.430097',34),(403,'monthly',35.00,'2026-07-01','2026-08-01',NULL,'pending',NULL,'','2026-04-14 04:27:11.430659','2026-04-14 04:27:11.430684',34),(404,'monthly',35.00,'2026-08-01','2026-09-01',NULL,'pending',NULL,'','2026-04-14 04:27:11.431249','2026-04-14 04:27:11.431277',34),(405,'monthly',35.00,'2026-09-01','2026-10-01',NULL,'pending',NULL,'','2026-04-14 04:27:11.432893','2026-04-14 04:27:11.432927',34),(406,'monthly',35.00,'2026-10-01','2026-11-01',NULL,'pending',NULL,'','2026-04-14 04:27:11.433546','2026-04-14 04:27:11.433575',34),(407,'monthly',35.00,'2026-11-01','2026-12-01',NULL,'pending',NULL,'','2026-04-14 04:27:11.434173','2026-04-14 04:27:11.434199',34),(408,'monthly',35.00,'2026-12-01','2027-01-01',NULL,'pending',NULL,'','2026-04-14 04:27:11.435226','2026-04-14 04:27:11.435256',34),(409,'monthly',35.00,'2026-01-01','2026-02-01',NULL,'overdue',NULL,'','2026-04-14 04:29:54.967214','2026-04-14 04:29:54.967249',35),(410,'monthly',35.00,'2026-02-01','2026-03-01',NULL,'waived',NULL,'','2026-04-14 04:29:54.968655','2026-04-14 04:29:54.968682',35),(411,'monthly',35.00,'2026-03-01','2026-04-01',NULL,'waived',NULL,'','2026-04-14 04:29:54.969300','2026-04-14 04:29:54.969327',35),(412,'monthly',35.00,'2026-04-01','2026-05-01',NULL,'pending',NULL,'','2026-04-14 04:29:54.969872','2026-04-14 04:29:54.969898',35),(413,'monthly',35.00,'2026-05-01','2026-06-01',NULL,'pending',NULL,'','2026-04-14 04:29:54.971735','2026-04-14 04:29:54.971760',35),(414,'monthly',35.00,'2026-06-01','2026-07-01',NULL,'pending',NULL,'','2026-04-14 04:29:54.972465','2026-04-14 04:29:54.972491',35),(415,'monthly',35.00,'2026-07-01','2026-08-01',NULL,'pending',NULL,'','2026-04-14 04:29:54.973034','2026-04-14 04:29:54.973083',35),(416,'monthly',35.00,'2026-08-01','2026-09-01',NULL,'pending',NULL,'','2026-04-14 04:29:54.973613','2026-04-14 04:29:54.973639',35),(417,'monthly',35.00,'2026-09-01','2026-10-01',NULL,'pending',NULL,'','2026-04-14 04:29:54.975264','2026-04-14 04:29:54.975290',35),(418,'monthly',35.00,'2026-10-01','2026-11-01',NULL,'pending',NULL,'','2026-04-14 04:29:54.975896','2026-04-14 04:29:54.975923',35),(419,'monthly',35.00,'2026-11-01','2026-12-01',NULL,'pending',NULL,'','2026-04-14 04:29:54.976487','2026-04-14 04:29:54.976513',35),(420,'monthly',35.00,'2026-12-01','2027-01-01',NULL,'pending',NULL,'','2026-04-14 04:29:54.979572','2026-04-14 04:29:54.979600',35),(421,'monthly',35.00,'2026-01-01','2026-02-01',NULL,'overdue',NULL,'','2026-04-14 04:31:46.775689','2026-04-14 04:31:46.775720',36),(422,'monthly',35.00,'2026-02-01','2026-03-01',NULL,'waived',NULL,'','2026-04-14 04:31:46.776762','2026-04-14 04:31:46.776788',36),(423,'monthly',35.00,'2026-03-01','2026-04-01',NULL,'waived',NULL,'','2026-04-14 04:31:46.777343','2026-04-14 04:31:46.777370',36),(424,'monthly',35.00,'2026-04-01','2026-05-01',NULL,'pending',NULL,'','2026-04-14 04:31:46.777895','2026-04-14 04:31:46.777919',36),(425,'monthly',35.00,'2026-05-01','2026-06-01',NULL,'pending',NULL,'','2026-04-14 04:31:46.778472','2026-04-14 04:31:46.778499',36),(426,'monthly',35.00,'2026-06-01','2026-07-01',NULL,'pending',NULL,'','2026-04-14 04:31:46.779305','2026-04-14 04:31:46.779333',36),(427,'monthly',35.00,'2026-07-01','2026-08-01',NULL,'pending',NULL,'','2026-04-14 04:31:46.779881','2026-04-14 04:31:46.779904',36),(428,'monthly',35.00,'2026-08-01','2026-09-01',NULL,'pending',NULL,'','2026-04-14 04:31:46.780461','2026-04-14 04:31:46.780484',36),(429,'monthly',35.00,'2026-09-01','2026-10-01',NULL,'pending',NULL,'','2026-04-14 04:31:46.781134','2026-04-14 04:31:46.781162',36),(430,'monthly',35.00,'2026-10-01','2026-11-01',NULL,'pending',NULL,'','2026-04-14 04:31:46.782441','2026-04-14 04:31:46.782476',36),(431,'monthly',35.00,'2026-11-01','2026-12-01',NULL,'pending',NULL,'','2026-04-14 04:31:46.783145','2026-04-14 04:31:46.783172',36),(432,'monthly',35.00,'2026-12-01','2027-01-01',NULL,'pending',NULL,'','2026-04-14 04:31:46.785881','2026-04-14 04:31:46.785908',36),(433,'monthly',35.00,'2026-01-01','2026-02-01',NULL,'overdue',NULL,'','2026-04-14 04:34:50.604828','2026-04-14 04:34:50.604861',37),(434,'monthly',35.00,'2026-02-01','2026-03-01',NULL,'waived',NULL,'','2026-04-14 04:34:50.606019','2026-04-14 04:34:50.606071',37),(435,'monthly',35.00,'2026-03-01','2026-04-01',NULL,'waived',NULL,'','2026-04-14 04:34:50.606713','2026-04-14 04:34:50.606744',37),(436,'monthly',35.00,'2026-04-01','2026-05-01',NULL,'pending',NULL,'','2026-04-14 04:34:50.607392','2026-04-14 04:34:50.607423',37),(437,'monthly',35.00,'2026-05-01','2026-06-01',NULL,'pending',NULL,'','2026-04-14 04:34:50.610304','2026-04-14 04:34:50.610335',37),(438,'monthly',35.00,'2026-06-01','2026-07-01',NULL,'pending',NULL,'','2026-04-14 04:34:50.611177','2026-04-14 04:34:50.611208',37),(439,'monthly',35.00,'2026-07-01','2026-08-01',NULL,'pending',NULL,'','2026-04-14 04:34:50.611863','2026-04-14 04:34:50.611895',37),(440,'monthly',35.00,'2026-08-01','2026-09-01',NULL,'pending',NULL,'','2026-04-14 04:34:50.612699','2026-04-14 04:34:50.612735',37),(441,'monthly',35.00,'2026-09-01','2026-10-01',NULL,'pending',NULL,'','2026-04-14 04:34:50.613432','2026-04-14 04:34:50.613462',37),(442,'monthly',35.00,'2026-10-01','2026-11-01',NULL,'pending',NULL,'','2026-04-14 04:34:50.614091','2026-04-14 04:34:50.614121',37),(443,'monthly',35.00,'2026-11-01','2026-12-01',NULL,'pending',NULL,'','2026-04-14 04:34:50.614730','2026-04-14 04:34:50.614759',37),(444,'monthly',35.00,'2026-12-01','2027-01-01',NULL,'pending',NULL,'','2026-04-14 04:34:50.616569','2026-04-14 04:34:50.616600',37),(445,'monthly',35.00,'2026-01-01','2026-02-01',NULL,'overdue',NULL,'','2026-04-14 04:36:58.041168','2026-04-14 04:36:58.041201',38),(446,'monthly',35.00,'2026-02-01','2026-03-01',NULL,'waived',NULL,'','2026-04-14 04:36:58.042265','2026-04-14 04:36:58.042291',38),(447,'monthly',35.00,'2026-03-01','2026-04-01',NULL,'waived',NULL,'','2026-04-14 04:36:58.042845','2026-04-14 04:36:58.042870',38),(448,'monthly',35.00,'2026-04-01','2026-05-01',NULL,'pending',NULL,'','2026-04-14 04:36:58.043425','2026-04-14 04:36:58.043448',38),(449,'monthly',35.00,'2026-05-01','2026-06-01',NULL,'pending',NULL,'','2026-04-14 04:36:58.043994','2026-04-14 04:36:58.044021',38),(450,'monthly',35.00,'2026-06-01','2026-07-01',NULL,'pending',NULL,'','2026-04-14 04:36:58.044582','2026-04-14 04:36:58.044608',38),(451,'monthly',35.00,'2026-07-01','2026-08-01',NULL,'pending',NULL,'','2026-04-14 04:36:58.045205','2026-04-14 04:36:58.045232',38),(452,'monthly',35.00,'2026-08-01','2026-09-01',NULL,'pending',NULL,'','2026-04-14 04:36:58.045741','2026-04-14 04:36:58.045767',38),(453,'monthly',35.00,'2026-09-01','2026-10-01',NULL,'pending',NULL,'','2026-04-14 04:36:58.046322','2026-04-14 04:36:58.046348',38),(454,'monthly',35.00,'2026-10-01','2026-11-01',NULL,'pending',NULL,'','2026-04-14 04:36:58.047130','2026-04-14 04:36:58.047157',38),(455,'monthly',35.00,'2026-11-01','2026-12-01',NULL,'pending',NULL,'','2026-04-14 04:36:58.047718','2026-04-14 04:36:58.047744',38),(456,'monthly',35.00,'2026-12-01','2027-01-01',NULL,'pending',NULL,'','2026-04-14 04:36:58.048294','2026-04-14 04:36:58.048320',38),(457,'monthly',35.00,'2026-01-01','2026-02-01',NULL,'overdue',NULL,'','2026-04-14 04:39:15.722076','2026-04-14 04:39:15.722112',39),(458,'monthly',35.00,'2026-02-01','2026-03-01',NULL,'waived',NULL,'','2026-04-14 04:39:15.723421','2026-04-14 04:39:15.723455',39),(459,'monthly',35.00,'2026-03-01','2026-04-01',NULL,'waived',NULL,'','2026-04-14 04:39:15.724182','2026-04-14 04:39:15.724213',39),(460,'monthly',35.00,'2026-04-01','2026-05-01',NULL,'pending',NULL,'','2026-04-14 04:39:15.724837','2026-04-14 04:39:15.724869',39),(461,'monthly',35.00,'2026-05-01','2026-06-01',NULL,'pending',NULL,'','2026-04-14 04:39:15.725548','2026-04-14 04:39:15.725579',39),(462,'monthly',35.00,'2026-06-01','2026-07-01',NULL,'pending',NULL,'','2026-04-14 04:39:15.726439','2026-04-14 04:39:15.726471',39),(463,'monthly',35.00,'2026-07-01','2026-08-01',NULL,'pending',NULL,'','2026-04-14 04:39:15.727122','2026-04-14 04:39:15.727154',39),(464,'monthly',35.00,'2026-08-01','2026-09-01',NULL,'pending',NULL,'','2026-04-14 04:39:15.727784','2026-04-14 04:39:15.727816',39),(465,'monthly',35.00,'2026-09-01','2026-10-01',NULL,'pending',NULL,'','2026-04-14 04:39:15.730565','2026-04-14 04:39:15.730598',39),(466,'monthly',35.00,'2026-10-01','2026-11-01',NULL,'pending',NULL,'','2026-04-14 04:39:15.731264','2026-04-14 04:39:15.731296',39),(467,'monthly',35.00,'2026-11-01','2026-12-01',NULL,'pending',NULL,'','2026-04-14 04:39:15.731938','2026-04-14 04:39:15.731970',39),(468,'monthly',35.00,'2026-12-01','2027-01-01',NULL,'pending',NULL,'','2026-04-14 04:39:15.732623','2026-04-14 04:39:15.732655',39),(469,'monthly',35.00,'2026-01-01','2026-02-01',NULL,'overdue',NULL,'','2026-04-14 04:58:07.451895','2026-04-14 04:58:07.451923',40),(470,'monthly',35.00,'2026-02-01','2026-03-01',NULL,'waived',NULL,'','2026-04-14 04:58:07.453030','2026-04-14 04:58:07.453078',40),(471,'monthly',35.00,'2026-03-01','2026-04-01',NULL,'waived',NULL,'','2026-04-14 04:58:07.453651','2026-04-14 04:58:07.453674',40),(472,'monthly',35.00,'2026-04-01','2026-05-01',NULL,'pending',NULL,'','2026-04-14 04:58:07.454397','2026-04-14 04:58:07.454428',40),(473,'monthly',35.00,'2026-05-01','2026-06-01',NULL,'pending',NULL,'','2026-04-14 04:58:07.455053','2026-04-14 04:58:07.455079',40),(474,'monthly',35.00,'2026-06-01','2026-07-01',NULL,'pending',NULL,'','2026-04-14 04:58:07.455960','2026-04-14 04:58:07.455988',40),(475,'monthly',35.00,'2026-07-01','2026-08-01',NULL,'pending',NULL,'','2026-04-14 04:58:07.456600','2026-04-14 04:58:07.456628',40),(476,'monthly',35.00,'2026-08-01','2026-09-01',NULL,'pending',NULL,'','2026-04-14 04:58:07.457255','2026-04-14 04:58:07.457281',40),(477,'monthly',35.00,'2026-09-01','2026-10-01',NULL,'pending',NULL,'','2026-04-14 04:58:07.457832','2026-04-14 04:58:07.457857',40),(478,'monthly',35.00,'2026-10-01','2026-11-01',NULL,'pending',NULL,'','2026-04-14 04:58:07.458462','2026-04-14 04:58:07.458486',40),(479,'monthly',35.00,'2026-11-01','2026-12-01',NULL,'pending',NULL,'','2026-04-14 04:58:07.459012','2026-04-14 04:58:07.459109',40),(480,'monthly',35.00,'2026-12-01','2027-01-01',NULL,'pending',NULL,'','2026-04-14 04:58:07.459745','2026-04-14 04:58:07.459769',40),(481,'monthly',35.00,'2026-01-01','2026-02-01',NULL,'overdue',NULL,'','2026-04-14 05:01:06.262937','2026-04-14 05:01:06.262970',41),(482,'monthly',35.00,'2026-02-01','2026-03-01',NULL,'waived',NULL,'','2026-04-14 05:01:06.266359','2026-04-14 05:01:06.266391',41),(483,'monthly',35.00,'2026-03-01','2026-04-01',NULL,'waived',NULL,'','2026-04-14 05:01:06.267012','2026-04-14 05:01:06.267061',41),(484,'monthly',35.00,'2026-04-01','2026-05-01',NULL,'pending',NULL,'','2026-04-14 05:01:06.267650','2026-04-14 05:01:06.267679',41),(485,'monthly',35.00,'2026-05-01','2026-06-01',NULL,'pending',NULL,'','2026-04-14 05:01:06.270561','2026-04-14 05:01:06.270591',41),(486,'monthly',35.00,'2026-06-01','2026-07-01',NULL,'pending',NULL,'','2026-04-14 05:01:06.271329','2026-04-14 05:01:06.271358',41),(487,'monthly',35.00,'2026-07-01','2026-08-01',NULL,'pending',NULL,'','2026-04-14 05:01:06.271944','2026-04-14 05:01:06.271973',41),(488,'monthly',35.00,'2026-08-01','2026-09-01',NULL,'pending',NULL,'','2026-04-14 05:01:06.273832','2026-04-14 05:01:06.273861',41),(489,'monthly',35.00,'2026-09-01','2026-10-01',NULL,'pending',NULL,'','2026-04-14 05:01:06.275067','2026-04-14 05:01:06.275098',41),(490,'monthly',35.00,'2026-10-01','2026-11-01',NULL,'pending',NULL,'','2026-04-14 05:01:06.276943','2026-04-14 05:01:06.276972',41),(491,'monthly',35.00,'2026-11-01','2026-12-01',NULL,'pending',NULL,'','2026-04-14 05:01:06.277692','2026-04-14 05:01:06.277721',41),(492,'monthly',35.00,'2026-12-01','2027-01-01',NULL,'pending',NULL,'','2026-04-14 05:01:06.279405','2026-04-14 05:01:06.279434',41),(493,'monthly',35.00,'2026-01-01','2026-02-01',NULL,'overdue',NULL,'','2026-04-14 05:03:06.273157','2026-04-14 05:03:06.273187',42),(494,'monthly',35.00,'2026-02-01','2026-03-01',NULL,'waived',NULL,'','2026-04-14 05:03:06.275017','2026-04-14 05:03:06.275262',42),(495,'monthly',35.00,'2026-03-01','2026-04-01',NULL,'waived',NULL,'','2026-04-14 05:03:06.276678','2026-04-14 05:03:06.276709',42),(496,'monthly',35.00,'2026-04-01','2026-05-01',NULL,'pending',NULL,'','2026-04-14 05:03:06.277456','2026-04-14 05:03:06.277480',42),(497,'monthly',35.00,'2026-05-01','2026-06-01',NULL,'pending',NULL,'','2026-04-14 05:03:06.278004','2026-04-14 05:03:06.278028',42),(498,'monthly',35.00,'2026-06-01','2026-07-01',NULL,'pending',NULL,'','2026-04-14 05:03:06.279628','2026-04-14 05:03:06.279653',42),(499,'monthly',35.00,'2026-07-01','2026-08-01',NULL,'pending',NULL,'','2026-04-14 05:03:06.280231','2026-04-14 05:03:06.280255',42),(500,'monthly',35.00,'2026-08-01','2026-09-01',NULL,'pending',NULL,'','2026-04-14 05:03:06.280752','2026-04-14 05:03:06.280776',42),(501,'monthly',35.00,'2026-09-01','2026-10-01',NULL,'pending',NULL,'','2026-04-14 05:03:06.281313','2026-04-14 05:03:06.281337',42),(502,'monthly',35.00,'2026-10-01','2026-11-01',NULL,'pending',NULL,'','2026-04-14 05:03:06.283087','2026-04-14 05:03:06.283123',42),(503,'monthly',35.00,'2026-11-01','2026-12-01',NULL,'pending',NULL,'','2026-04-14 05:03:06.283701','2026-04-14 05:03:06.283725',42),(504,'monthly',35.00,'2026-12-01','2027-01-01',NULL,'pending',NULL,'','2026-04-14 05:03:06.284285','2026-04-14 05:03:06.284315',42),(505,'monthly',35.00,'2026-01-01','2026-02-01',NULL,'overdue',NULL,'','2026-04-14 05:05:22.118779','2026-04-14 05:05:22.118813',43),(506,'monthly',35.00,'2026-02-01','2026-03-01',NULL,'waived',NULL,'','2026-04-14 05:05:22.122643','2026-04-14 05:05:22.122677',43),(507,'monthly',35.00,'2026-03-01','2026-04-01',NULL,'waived',NULL,'','2026-04-14 05:05:22.123685','2026-04-14 05:05:22.123717',43),(508,'monthly',35.00,'2026-04-01','2026-05-01',NULL,'pending',NULL,'','2026-04-14 05:05:22.125699','2026-04-14 05:05:22.125732',43),(509,'monthly',35.00,'2026-05-01','2026-06-01',NULL,'pending',NULL,'','2026-04-14 05:05:22.128521','2026-04-14 05:05:22.128549',43),(510,'monthly',35.00,'2026-06-01','2026-07-01',NULL,'pending',NULL,'','2026-04-14 05:05:22.130282','2026-04-14 05:05:22.130311',43),(511,'monthly',35.00,'2026-07-01','2026-08-01',NULL,'pending',NULL,'','2026-04-14 05:05:22.130998','2026-04-14 05:05:22.131027',43),(512,'monthly',35.00,'2026-08-01','2026-09-01',NULL,'pending',NULL,'','2026-04-14 05:05:22.131609','2026-04-14 05:05:22.131636',43),(513,'monthly',35.00,'2026-09-01','2026-10-01',NULL,'pending',NULL,'','2026-04-14 05:05:22.137998','2026-04-14 05:05:22.138204',43),(514,'monthly',35.00,'2026-10-01','2026-11-01',NULL,'pending',NULL,'','2026-04-14 05:05:22.138946','2026-04-14 05:05:22.138987',43),(515,'monthly',35.00,'2026-11-01','2026-12-01',NULL,'pending',NULL,'','2026-04-14 05:05:22.141925','2026-04-14 05:05:22.141958',43),(516,'monthly',35.00,'2026-12-01','2027-01-01',NULL,'pending',NULL,'','2026-04-14 05:05:22.144536','2026-04-14 05:05:22.144563',43),(517,'monthly',35.00,'2026-01-01','2026-02-01',NULL,'overdue',NULL,'','2026-04-14 05:09:06.044738','2026-04-14 05:09:06.044768',44),(518,'monthly',35.00,'2026-02-01','2026-03-01',NULL,'waived',NULL,'','2026-04-14 05:09:06.046858','2026-04-14 05:09:06.046886',44),(519,'monthly',35.00,'2026-03-01','2026-04-01',NULL,'waived',NULL,'','2026-04-14 05:09:06.047423','2026-04-14 05:09:06.047448',44),(520,'monthly',35.00,'2026-04-01','2026-05-01',NULL,'pending',NULL,'','2026-04-14 05:09:06.047941','2026-04-14 05:09:06.047971',44),(521,'monthly',35.00,'2026-05-01','2026-06-01',NULL,'pending',NULL,'','2026-04-14 05:09:06.048658','2026-04-14 05:09:06.048681',44),(522,'monthly',35.00,'2026-06-01','2026-07-01',NULL,'pending',NULL,'','2026-04-14 05:09:06.049322','2026-04-14 05:09:06.049352',44),(523,'monthly',35.00,'2026-07-01','2026-08-01',NULL,'pending',NULL,'','2026-04-14 05:09:06.049868','2026-04-14 05:09:06.049891',44),(524,'monthly',35.00,'2026-08-01','2026-09-01',NULL,'pending',NULL,'','2026-04-14 05:09:06.050421','2026-04-14 05:09:06.050444',44),(525,'monthly',35.00,'2026-09-01','2026-10-01',NULL,'pending',NULL,'','2026-04-14 05:09:06.050938','2026-04-14 05:09:06.050964',44),(526,'monthly',35.00,'2026-10-01','2026-11-01',NULL,'pending',NULL,'','2026-04-14 05:09:06.051501','2026-04-14 05:09:06.051528',44),(527,'monthly',35.00,'2026-11-01','2026-12-01',NULL,'pending',NULL,'','2026-04-14 05:09:06.052073','2026-04-14 05:09:06.052098',44),(528,'monthly',35.00,'2026-12-01','2027-01-01',NULL,'pending',NULL,'','2026-04-14 05:09:06.052593','2026-04-14 05:09:06.052616',44),(529,'monthly',35.00,'2026-01-01','2026-02-01',NULL,'overdue',NULL,'','2026-04-14 05:11:29.839470','2026-04-14 05:11:29.839507',45),(530,'monthly',35.00,'2026-02-01','2026-03-01',NULL,'waived',NULL,'','2026-04-14 05:11:29.841793','2026-04-14 05:11:29.841827',45),(531,'monthly',35.00,'2026-03-01','2026-04-01',NULL,'waived',NULL,'','2026-04-14 05:11:29.842519','2026-04-14 05:11:29.842552',45),(532,'monthly',35.00,'2026-04-01','2026-05-01',NULL,'pending',NULL,'','2026-04-14 05:11:29.845242','2026-04-14 05:11:29.845273',45),(533,'monthly',35.00,'2026-05-01','2026-06-01',NULL,'pending',NULL,'','2026-04-14 05:11:29.845909','2026-04-14 05:11:29.845941',45),(534,'monthly',35.00,'2026-06-01','2026-07-01',NULL,'pending',NULL,'','2026-04-14 05:11:29.848770','2026-04-14 05:11:29.848803',45),(535,'monthly',35.00,'2026-07-01','2026-08-01',NULL,'pending',NULL,'','2026-04-14 05:11:29.849489','2026-04-14 05:11:29.849521',45),(536,'monthly',35.00,'2026-08-01','2026-09-01',NULL,'pending',NULL,'','2026-04-14 05:11:29.851914','2026-04-14 05:11:29.851945',45),(537,'monthly',35.00,'2026-09-01','2026-10-01',NULL,'pending',NULL,'','2026-04-14 05:11:29.852613','2026-04-14 05:11:29.852644',45),(538,'monthly',35.00,'2026-10-01','2026-11-01',NULL,'pending',NULL,'','2026-04-14 05:11:29.856904','2026-04-14 05:11:29.856936',45),(539,'monthly',35.00,'2026-11-01','2026-12-01',NULL,'pending',NULL,'','2026-04-14 05:11:29.857629','2026-04-14 05:11:29.857660',45),(540,'monthly',35.00,'2026-12-01','2027-01-01',NULL,'pending',NULL,'','2026-04-14 05:11:29.858853','2026-04-14 05:11:29.858886',45),(541,'monthly',35.00,'2026-01-01','2026-02-01',NULL,'overdue',NULL,'','2026-04-14 05:14:36.149618','2026-04-14 05:14:36.149658',46),(542,'monthly',35.00,'2026-02-01','2026-03-01',NULL,'waived',NULL,'','2026-04-14 05:14:36.153122','2026-04-14 05:14:36.153155',46),(543,'monthly',35.00,'2026-03-01','2026-04-01',NULL,'waived',NULL,'','2026-04-14 05:14:36.153740','2026-04-14 05:14:36.153767',46),(544,'monthly',35.00,'2026-04-01','2026-05-01',NULL,'pending',NULL,'','2026-04-14 05:14:36.154329','2026-04-14 05:14:36.154354',46),(545,'monthly',35.00,'2026-05-01','2026-06-01',NULL,'pending',NULL,'','2026-04-14 05:14:36.154882','2026-04-14 05:14:36.154907',46),(546,'monthly',35.00,'2026-06-01','2026-07-01',NULL,'pending',NULL,'','2026-04-14 05:14:36.157798','2026-04-14 05:14:36.157827',46),(547,'monthly',35.00,'2026-07-01','2026-08-01',NULL,'pending',NULL,'','2026-04-14 05:14:36.158414','2026-04-14 05:14:36.158440',46),(548,'monthly',35.00,'2026-08-01','2026-09-01',NULL,'pending',NULL,'','2026-04-14 05:14:36.158942','2026-04-14 05:14:36.158966',46),(549,'monthly',35.00,'2026-09-01','2026-10-01',NULL,'pending',NULL,'','2026-04-14 05:14:36.159553','2026-04-14 05:14:36.159582',46),(550,'monthly',35.00,'2026-10-01','2026-11-01',NULL,'pending',NULL,'','2026-04-14 05:14:36.164484','2026-04-14 05:14:36.164516',46),(551,'monthly',35.00,'2026-11-01','2026-12-01',NULL,'pending',NULL,'','2026-04-14 05:14:36.165303','2026-04-14 05:14:36.165333',46),(552,'monthly',35.00,'2026-12-01','2027-01-01',NULL,'pending',NULL,'','2026-04-14 05:14:36.165965','2026-04-14 05:14:36.166003',46),(553,'monthly',35.00,'2026-01-01','2026-02-01',NULL,'overdue',NULL,'','2026-04-14 05:16:09.039238','2026-04-14 05:16:09.039269',47),(554,'monthly',35.00,'2026-02-01','2026-03-01',NULL,'waived',NULL,'','2026-04-14 05:16:09.042513','2026-04-14 05:16:09.042787',47),(555,'monthly',35.00,'2026-03-01','2026-04-01',NULL,'waived',NULL,'','2026-04-14 05:16:09.045296','2026-04-14 05:16:09.046118',47),(556,'monthly',35.00,'2026-04-01','2026-05-01',NULL,'pending',NULL,'','2026-04-14 05:16:09.047507','2026-04-14 05:16:09.047535',47),(557,'monthly',35.00,'2026-05-01','2026-06-01',NULL,'pending',NULL,'','2026-04-14 05:16:09.055541','2026-04-14 05:16:09.055570',47),(558,'monthly',35.00,'2026-06-01','2026-07-01',NULL,'pending',NULL,'','2026-04-14 05:16:09.058640','2026-04-14 05:16:09.059085',47),(559,'monthly',35.00,'2026-07-01','2026-08-01',NULL,'pending',NULL,'','2026-04-14 05:16:09.061880','2026-04-14 05:16:09.061908',47),(560,'monthly',35.00,'2026-08-01','2026-09-01',NULL,'pending',NULL,'','2026-04-14 05:16:09.065476','2026-04-14 05:16:09.065505',47),(561,'monthly',35.00,'2026-09-01','2026-10-01',NULL,'pending',NULL,'','2026-04-14 05:16:09.068763','2026-04-14 05:16:09.068805',47),(562,'monthly',35.00,'2026-10-01','2026-11-01',NULL,'pending',NULL,'','2026-04-14 05:16:09.071891','2026-04-14 05:16:09.071918',47),(563,'monthly',35.00,'2026-11-01','2026-12-01',NULL,'pending',NULL,'','2026-04-14 05:16:09.072480','2026-04-14 05:16:09.072506',47),(564,'monthly',35.00,'2026-12-01','2027-01-01',NULL,'pending',NULL,'','2026-04-14 05:16:09.073930','2026-04-14 05:16:09.073978',47),(565,'monthly',35.00,'2026-01-01','2026-02-01',NULL,'overdue',NULL,'','2026-04-14 05:17:43.123621','2026-04-14 05:17:43.123653',48),(566,'monthly',35.00,'2026-02-01','2026-03-01',NULL,'waived',NULL,'','2026-04-14 05:17:43.125559','2026-04-14 05:17:43.125586',48),(567,'monthly',35.00,'2026-03-01','2026-04-01',NULL,'waived',NULL,'','2026-04-14 05:17:43.126143','2026-04-14 05:17:43.126170',48),(568,'monthly',35.00,'2026-04-01','2026-05-01',NULL,'pending',NULL,'','2026-04-14 05:17:43.126710','2026-04-14 05:17:43.126735',48),(569,'monthly',35.00,'2026-05-01','2026-06-01',NULL,'pending',NULL,'','2026-04-14 05:17:43.128393','2026-04-14 05:17:43.128421',48),(570,'monthly',35.00,'2026-06-01','2026-07-01',NULL,'pending',NULL,'','2026-04-14 05:17:43.129465','2026-04-14 05:17:43.129491',48),(571,'monthly',35.00,'2026-07-01','2026-08-01',NULL,'pending',NULL,'','2026-04-14 05:17:43.131480','2026-04-14 05:17:43.131505',48),(572,'monthly',35.00,'2026-08-01','2026-09-01',NULL,'pending',NULL,'','2026-04-14 05:17:43.132068','2026-04-14 05:17:43.132095',48),(573,'monthly',35.00,'2026-09-01','2026-10-01',NULL,'pending',NULL,'','2026-04-14 05:17:43.132755','2026-04-14 05:17:43.132781',48),(574,'monthly',35.00,'2026-10-01','2026-11-01',NULL,'pending',NULL,'','2026-04-14 05:17:43.133829','2026-04-14 05:17:43.133855',48),(575,'monthly',35.00,'2026-11-01','2026-12-01',NULL,'pending',NULL,'','2026-04-14 05:17:43.134921','2026-04-14 05:17:43.134945',48),(576,'monthly',35.00,'2026-12-01','2027-01-01',NULL,'pending',NULL,'','2026-04-14 05:17:43.135503','2026-04-14 05:17:43.135529',48),(577,'monthly',35.00,'2026-01-01','2026-02-01',NULL,'overdue',NULL,'','2026-04-14 05:19:58.960688','2026-04-14 05:19:58.960725',49),(578,'monthly',35.00,'2026-02-01','2026-03-01',NULL,'waived',NULL,'','2026-04-14 05:19:58.964717','2026-04-14 05:19:58.964755',49),(579,'monthly',35.00,'2026-03-01','2026-04-01',NULL,'waived',NULL,'','2026-04-14 05:19:58.966435','2026-04-14 05:19:58.966490',49),(580,'monthly',35.00,'2026-04-01','2026-05-01',NULL,'pending',NULL,'','2026-04-14 05:19:58.968084','2026-04-14 05:19:58.968120',49),(581,'monthly',35.00,'2026-05-01','2026-06-01',NULL,'pending',NULL,'','2026-04-14 05:19:58.968780','2026-04-14 05:19:58.968811',49),(582,'monthly',35.00,'2026-06-01','2026-07-01',NULL,'pending',NULL,'','2026-04-14 05:19:58.969641','2026-04-14 05:19:58.969671',49),(583,'monthly',35.00,'2026-07-01','2026-08-01',NULL,'pending',NULL,'','2026-04-14 05:19:58.970282','2026-04-14 05:19:58.970307',49),(584,'monthly',35.00,'2026-08-01','2026-09-01',NULL,'pending',NULL,'','2026-04-14 05:19:58.970805','2026-04-14 05:19:58.970830',49),(585,'monthly',35.00,'2026-09-01','2026-10-01',NULL,'pending',NULL,'','2026-04-14 05:19:58.972997','2026-04-14 05:19:58.973026',49),(586,'monthly',35.00,'2026-10-01','2026-11-01',NULL,'pending',NULL,'','2026-04-14 05:19:58.973670','2026-04-14 05:19:58.973700',49),(587,'monthly',35.00,'2026-11-01','2026-12-01',NULL,'pending',NULL,'','2026-04-14 05:19:58.974375','2026-04-14 05:19:58.974404',49),(588,'monthly',35.00,'2026-12-01','2027-01-01',NULL,'pending',NULL,'','2026-04-14 05:19:58.976573','2026-04-14 05:19:58.976605',49),(589,'monthly',35.00,'2026-01-01','2026-02-01',NULL,'overdue',NULL,'','2026-04-14 05:21:30.818414','2026-04-14 05:21:30.818448',50),(590,'monthly',35.00,'2026-02-01','2026-03-01',NULL,'waived',NULL,'','2026-04-14 05:21:30.820550','2026-04-14 05:21:30.820582',50),(591,'monthly',35.00,'2026-03-01','2026-04-01',NULL,'waived',NULL,'','2026-04-14 05:21:30.822274','2026-04-14 05:21:30.822307',50),(592,'monthly',35.00,'2026-04-01','2026-05-01',NULL,'pending',NULL,'','2026-04-14 05:21:30.822878','2026-04-14 05:21:30.822904',50),(593,'monthly',35.00,'2026-05-01','2026-06-01',NULL,'pending',NULL,'','2026-04-14 05:21:30.823479','2026-04-14 05:21:30.823506',50),(594,'monthly',35.00,'2026-06-01','2026-07-01',NULL,'pending',NULL,'','2026-04-14 05:21:30.825093','2026-04-14 05:21:30.825128',50),(595,'monthly',35.00,'2026-07-01','2026-08-01',NULL,'pending',NULL,'','2026-04-14 05:21:30.825770','2026-04-14 05:21:30.825799',50),(596,'monthly',35.00,'2026-08-01','2026-09-01',NULL,'pending',NULL,'','2026-04-14 05:21:30.826398','2026-04-14 05:21:30.826423',50),(597,'monthly',35.00,'2026-09-01','2026-10-01',NULL,'pending',NULL,'','2026-04-14 05:21:30.827066','2026-04-14 05:21:30.827092',50),(598,'monthly',35.00,'2026-10-01','2026-11-01',NULL,'pending',NULL,'','2026-04-14 05:21:30.828029','2026-04-14 05:21:30.828087',50),(599,'monthly',35.00,'2026-11-01','2026-12-01',NULL,'pending',NULL,'','2026-04-14 05:21:30.828614','2026-04-14 05:21:30.828639',50),(600,'monthly',35.00,'2026-12-01','2027-01-01',NULL,'pending',NULL,'','2026-04-14 05:21:30.829167','2026-04-14 05:21:30.829193',50),(601,'monthly',35.00,'2026-01-01','2026-02-01',NULL,'overdue',NULL,'','2026-04-14 05:23:05.358767','2026-04-14 05:23:05.358801',51),(602,'monthly',35.00,'2026-02-01','2026-03-01',NULL,'waived',NULL,'','2026-04-14 05:23:05.361599','2026-04-14 05:23:05.361631',51),(603,'monthly',35.00,'2026-03-01','2026-04-01',NULL,'waived',NULL,'','2026-04-14 05:23:05.364826','2026-04-14 05:23:05.364857',51),(604,'monthly',35.00,'2026-04-01','2026-05-01',NULL,'pending',NULL,'','2026-04-14 05:23:05.365437','2026-04-14 05:23:05.365462',51),(605,'monthly',35.00,'2026-05-01','2026-06-01',NULL,'pending',NULL,'','2026-04-14 05:23:05.365977','2026-04-14 05:23:05.366002',51),(606,'monthly',35.00,'2026-06-01','2026-07-01',NULL,'pending',NULL,'','2026-04-14 05:23:05.368613','2026-04-14 05:23:05.368643',51),(607,'monthly',35.00,'2026-07-01','2026-08-01',NULL,'pending',NULL,'','2026-04-14 05:23:05.369222','2026-04-14 05:23:05.369245',51),(608,'monthly',35.00,'2026-08-01','2026-09-01',NULL,'pending',NULL,'','2026-04-14 05:23:05.370898','2026-04-14 05:23:05.370927',51),(609,'monthly',35.00,'2026-09-01','2026-10-01',NULL,'pending',NULL,'','2026-04-14 05:23:05.374573','2026-04-14 05:23:05.374602',51),(610,'monthly',35.00,'2026-10-01','2026-11-01',NULL,'pending',NULL,'','2026-04-14 05:23:05.375885','2026-04-14 05:23:05.375914',51),(611,'monthly',35.00,'2026-11-01','2026-12-01',NULL,'pending',NULL,'','2026-04-14 05:23:05.376603','2026-04-14 05:23:05.376634',51),(612,'monthly',35.00,'2026-12-01','2027-01-01',NULL,'pending',NULL,'','2026-04-14 05:23:05.377256','2026-04-14 05:23:05.377285',51),(613,'monthly',35.00,'2026-01-01','2026-02-01',NULL,'overdue',NULL,'','2026-04-14 05:25:28.749142','2026-04-14 05:25:28.749180',52),(614,'monthly',35.00,'2026-02-01','2026-03-01',NULL,'waived',NULL,'','2026-04-14 05:25:28.753898','2026-04-14 05:25:28.753936',52),(615,'monthly',35.00,'2026-03-01','2026-04-01',NULL,'waived',NULL,'','2026-04-14 05:25:28.754822','2026-04-14 05:25:28.754856',52),(616,'monthly',35.00,'2026-04-01','2026-05-01',NULL,'pending',NULL,'','2026-04-14 05:25:28.755519','2026-04-14 05:25:28.755551',52),(617,'monthly',35.00,'2026-05-01','2026-06-01',NULL,'pending',NULL,'','2026-04-14 05:25:28.757883','2026-04-14 05:25:28.757917',52),(618,'monthly',35.00,'2026-06-01','2026-07-01',NULL,'pending',NULL,'','2026-04-14 05:25:28.758644','2026-04-14 05:25:28.758676',52),(619,'monthly',35.00,'2026-07-01','2026-08-01',NULL,'pending',NULL,'','2026-04-14 05:25:28.759319','2026-04-14 05:25:28.761098',52),(620,'monthly',35.00,'2026-08-01','2026-09-01',NULL,'pending',NULL,'','2026-04-14 05:25:28.761743','2026-04-14 05:25:28.761774',52),(621,'monthly',35.00,'2026-09-01','2026-10-01',NULL,'pending',NULL,'','2026-04-14 05:25:28.764166','2026-04-14 05:25:28.764200',52),(622,'monthly',35.00,'2026-10-01','2026-11-01',NULL,'pending',NULL,'','2026-04-14 05:25:28.764918','2026-04-14 05:25:28.764949',52),(623,'monthly',35.00,'2026-11-01','2026-12-01',NULL,'pending',NULL,'','2026-04-14 05:25:28.772384','2026-04-14 05:25:28.772414',52),(624,'monthly',35.00,'2026-12-01','2027-01-01',NULL,'pending',NULL,'','2026-04-14 05:25:28.782967','2026-04-14 05:25:28.783001',52),(625,'monthly',40.00,'2026-01-01','2026-02-01',NULL,'overdue',NULL,'','2026-04-14 05:29:06.723277','2026-04-14 05:29:06.723307',53),(626,'monthly',40.00,'2026-02-01','2026-03-01',NULL,'waived',NULL,'','2026-04-14 05:29:06.724652','2026-04-14 05:29:06.724681',53),(627,'monthly',40.00,'2026-03-01','2026-04-01',NULL,'waived',NULL,'','2026-04-14 05:29:06.725230','2026-04-14 05:29:06.725254',53),(628,'monthly',40.00,'2026-04-01','2026-05-01',NULL,'pending',NULL,'','2026-04-14 05:29:06.725813','2026-04-14 05:29:06.725837',53),(629,'monthly',40.00,'2026-05-01','2026-06-01',NULL,'pending',NULL,'','2026-04-14 05:29:06.726370','2026-04-14 05:29:06.726394',53),(630,'monthly',40.00,'2026-06-01','2026-07-01',NULL,'pending',NULL,'','2026-04-14 05:29:06.727116','2026-04-14 05:29:06.727140',53),(631,'monthly',40.00,'2026-07-01','2026-08-01',NULL,'pending',NULL,'','2026-04-14 05:29:06.727644','2026-04-14 05:29:06.727669',53),(632,'monthly',40.00,'2026-08-01','2026-09-01',NULL,'pending',NULL,'','2026-04-14 05:29:06.728207','2026-04-14 05:29:06.728232',53),(633,'monthly',40.00,'2026-09-01','2026-10-01',NULL,'pending',NULL,'','2026-04-14 05:29:06.728730','2026-04-14 05:29:06.728753',53),(634,'monthly',40.00,'2026-10-01','2026-11-01',NULL,'pending',NULL,'','2026-04-14 05:29:06.729270','2026-04-14 05:29:06.729295',53),(635,'monthly',40.00,'2026-11-01','2026-12-01',NULL,'pending',NULL,'','2026-04-14 05:29:06.729779','2026-04-14 05:29:06.729802',53),(636,'monthly',40.00,'2026-12-01','2027-01-01',NULL,'pending',NULL,'','2026-04-14 05:29:06.730342','2026-04-14 05:29:06.730367',53),(637,'monthly',40.00,'2026-01-01','2026-02-01',NULL,'overdue',NULL,'','2026-04-14 05:31:43.431123','2026-04-14 05:31:43.431155',54),(638,'monthly',40.00,'2026-02-01','2026-03-01',NULL,'waived',NULL,'','2026-04-14 05:31:43.433530','2026-04-14 05:31:43.433557',54),(639,'monthly',40.00,'2026-03-01','2026-04-01',NULL,'waived',NULL,'','2026-04-14 05:31:43.434137','2026-04-14 05:31:43.434762',54),(640,'monthly',40.00,'2026-04-01','2026-05-01',NULL,'pending',NULL,'','2026-04-14 05:31:43.435559','2026-04-14 05:31:43.435588',54),(641,'monthly',40.00,'2026-05-01','2026-06-01',NULL,'pending',NULL,'','2026-04-14 05:31:43.436623','2026-04-14 05:31:43.436652',54),(642,'monthly',40.00,'2026-06-01','2026-07-01',NULL,'pending',NULL,'','2026-04-14 05:31:43.437599','2026-04-14 05:31:43.437664',54),(643,'monthly',40.00,'2026-07-01','2026-08-01',NULL,'pending',NULL,'','2026-04-14 05:31:43.438251','2026-04-14 05:31:43.438277',54),(644,'monthly',40.00,'2026-08-01','2026-09-01',NULL,'pending',NULL,'','2026-04-14 05:31:43.438833','2026-04-14 05:31:43.438858',54),(645,'monthly',40.00,'2026-09-01','2026-10-01',NULL,'pending',NULL,'','2026-04-14 05:31:43.440727','2026-04-14 05:31:43.440753',54),(646,'monthly',40.00,'2026-10-01','2026-11-01',NULL,'pending',NULL,'','2026-04-14 05:31:43.441330','2026-04-14 05:31:43.441357',54),(647,'monthly',40.00,'2026-11-01','2026-12-01',NULL,'pending',NULL,'','2026-04-14 05:31:43.444583','2026-04-14 05:31:43.444610',54),(648,'monthly',40.00,'2026-12-01','2027-01-01',NULL,'pending',NULL,'','2026-04-14 05:31:43.445230','2026-04-14 05:31:43.445259',54),(649,'monthly',40.00,'2026-01-01','2026-02-01',NULL,'overdue',NULL,'','2026-04-14 05:33:42.281669','2026-04-14 05:33:42.281698',55),(650,'monthly',40.00,'2026-02-01','2026-03-01',NULL,'waived',NULL,'','2026-04-14 05:33:42.283261','2026-04-14 05:33:42.283291',55),(651,'monthly',40.00,'2026-03-01','2026-04-01',NULL,'waived',NULL,'','2026-04-14 05:33:42.283813','2026-04-14 05:33:42.283837',55),(652,'monthly',40.00,'2026-04-01','2026-05-01',NULL,'pending',NULL,'','2026-04-14 05:33:42.284366','2026-04-14 05:33:42.284390',55),(653,'monthly',40.00,'2026-05-01','2026-06-01',NULL,'pending',NULL,'','2026-04-14 05:33:42.284886','2026-04-14 05:33:42.284911',55),(654,'monthly',40.00,'2026-06-01','2026-07-01',NULL,'pending',NULL,'','2026-04-14 05:33:42.285500','2026-04-14 05:33:42.285528',55),(655,'monthly',40.00,'2026-07-01','2026-08-01',NULL,'pending',NULL,'','2026-04-14 05:33:42.286190','2026-04-14 05:33:42.286215',55),(656,'monthly',40.00,'2026-08-01','2026-09-01',NULL,'pending',NULL,'','2026-04-14 05:33:42.286779','2026-04-14 05:33:42.286806',55),(657,'monthly',40.00,'2026-09-01','2026-10-01',NULL,'pending',NULL,'','2026-04-14 05:33:42.287411','2026-04-14 05:33:42.287439',55),(658,'monthly',40.00,'2026-10-01','2026-11-01',NULL,'pending',NULL,'','2026-04-14 05:33:42.290253','2026-04-14 05:33:42.290282',55),(659,'monthly',40.00,'2026-11-01','2026-12-01',NULL,'pending',NULL,'','2026-04-14 05:33:42.290865','2026-04-14 05:33:42.290892',55),(660,'monthly',40.00,'2026-12-01','2027-01-01',NULL,'pending',NULL,'','2026-04-14 05:33:42.291524','2026-04-14 05:33:42.291553',55),(661,'monthly',40.00,'2026-01-01','2026-02-01',NULL,'overdue',NULL,'','2026-04-14 05:36:35.962308','2026-04-14 05:36:35.962336',56),(662,'monthly',40.00,'2026-02-01','2026-03-01',NULL,'waived',NULL,'','2026-04-14 05:36:35.966018','2026-04-14 05:36:35.966067',56),(663,'monthly',40.00,'2026-03-01','2026-04-01',NULL,'waived',NULL,'','2026-04-14 05:36:35.966760','2026-04-14 05:36:35.966789',56),(664,'monthly',40.00,'2026-04-01','2026-05-01',NULL,'pending',NULL,'','2026-04-14 05:36:35.967405','2026-04-14 05:36:35.967436',56),(665,'monthly',40.00,'2026-05-01','2026-06-01',NULL,'pending',NULL,'','2026-04-14 05:36:35.968019','2026-04-14 05:36:35.968061',56),(666,'monthly',40.00,'2026-06-01','2026-07-01',NULL,'pending',NULL,'','2026-04-14 05:36:35.969073','2026-04-14 05:36:35.969101',56),(667,'monthly',40.00,'2026-07-01','2026-08-01',NULL,'pending',NULL,'','2026-04-14 05:36:35.969708','2026-04-14 05:36:35.969736',56),(668,'monthly',40.00,'2026-08-01','2026-09-01',NULL,'pending',NULL,'','2026-04-14 05:36:35.970327','2026-04-14 05:36:35.970355',56),(669,'monthly',40.00,'2026-09-01','2026-10-01',NULL,'pending',NULL,'','2026-04-14 05:36:35.970931','2026-04-14 05:36:35.970960',56),(670,'monthly',40.00,'2026-10-01','2026-11-01',NULL,'pending',NULL,'','2026-04-14 05:36:35.972306','2026-04-14 05:36:35.972342',56),(671,'monthly',40.00,'2026-11-01','2026-12-01',NULL,'pending',NULL,'','2026-04-14 05:36:35.972996','2026-04-14 05:36:35.973029',56),(672,'monthly',40.00,'2026-12-01','2027-01-01',NULL,'pending',NULL,'','2026-04-14 05:36:35.974835','2026-04-14 05:36:35.974863',56),(673,'monthly',40.00,'2026-01-01','2026-02-01',NULL,'overdue',NULL,'','2026-04-14 05:38:39.055156','2026-04-14 05:38:39.055195',57),(674,'monthly',40.00,'2026-02-01','2026-03-01',NULL,'waived',NULL,'','2026-04-14 05:38:39.057359','2026-04-14 05:38:39.057390',57),(675,'monthly',40.00,'2026-03-01','2026-04-01',NULL,'waived',NULL,'','2026-04-14 05:38:39.058068','2026-04-14 05:38:39.058100',57),(676,'monthly',40.00,'2026-04-01','2026-05-01',NULL,'pending',NULL,'','2026-04-14 05:38:39.058725','2026-04-14 05:38:39.058754',57),(677,'monthly',40.00,'2026-05-01','2026-06-01',NULL,'pending',NULL,'','2026-04-14 05:38:39.059393','2026-04-14 05:38:39.059424',57),(678,'monthly',40.00,'2026-06-01','2026-07-01',NULL,'pending',NULL,'','2026-04-14 05:38:39.060065','2026-04-14 05:38:39.060097',57),(679,'monthly',40.00,'2026-07-01','2026-08-01',NULL,'pending',NULL,'','2026-04-14 05:38:39.060713','2026-04-14 05:38:39.060742',57),(680,'monthly',40.00,'2026-08-01','2026-09-01',NULL,'pending',NULL,'','2026-04-14 05:38:39.061388','2026-04-14 05:38:39.061418',57),(681,'monthly',40.00,'2026-09-01','2026-10-01',NULL,'pending',NULL,'','2026-04-14 05:38:39.062117','2026-04-14 05:38:39.062151',57),(682,'monthly',40.00,'2026-10-01','2026-11-01',NULL,'pending',NULL,'','2026-04-14 05:38:39.062769','2026-04-14 05:38:39.062798',57),(683,'monthly',40.00,'2026-11-01','2026-12-01',NULL,'pending',NULL,'','2026-04-14 05:38:39.063521','2026-04-14 05:38:39.063550',57),(684,'monthly',40.00,'2026-12-01','2027-01-01',NULL,'pending',NULL,'','2026-04-14 05:38:39.064185','2026-04-14 05:38:39.064214',57),(685,'monthly',40.00,'2026-01-01','2026-02-01',NULL,'overdue',NULL,'','2026-04-14 05:41:32.828122','2026-04-14 05:41:32.828151',58),(686,'monthly',40.00,'2026-02-01','2026-03-01',NULL,'waived',NULL,'','2026-04-14 05:41:32.830281','2026-04-14 05:41:32.830307',58),(687,'monthly',40.00,'2026-03-01','2026-04-01',NULL,'waived',NULL,'','2026-04-14 05:41:32.830852','2026-04-14 05:41:32.830877',58),(688,'monthly',40.00,'2026-04-01','2026-05-01',NULL,'pending',NULL,'','2026-04-14 05:41:32.831406','2026-04-14 05:41:32.831431',58),(689,'monthly',40.00,'2026-05-01','2026-06-01',NULL,'pending',NULL,'','2026-04-14 05:41:32.831936','2026-04-14 05:41:32.831959',58),(690,'monthly',40.00,'2026-06-01','2026-07-01',NULL,'pending',NULL,'','2026-04-14 05:41:32.832493','2026-04-14 05:41:32.832517',58),(691,'monthly',40.00,'2026-07-01','2026-08-01',NULL,'pending',NULL,'','2026-04-14 05:41:32.833080','2026-04-14 05:41:32.833106',58),(692,'monthly',40.00,'2026-08-01','2026-09-01',NULL,'pending',NULL,'','2026-04-14 05:41:32.833624','2026-04-14 05:41:32.833647',58),(693,'monthly',40.00,'2026-09-01','2026-10-01',NULL,'pending',NULL,'','2026-04-14 05:41:32.834181','2026-04-14 05:41:32.834205',58),(694,'monthly',40.00,'2026-10-01','2026-11-01',NULL,'pending',NULL,'','2026-04-14 05:41:32.834790','2026-04-14 05:41:32.834819',58),(695,'monthly',40.00,'2026-11-01','2026-12-01',NULL,'pending',NULL,'','2026-04-14 05:41:32.835494','2026-04-14 05:41:32.835543',58),(696,'monthly',40.00,'2026-12-01','2027-01-01',NULL,'pending',NULL,'','2026-04-14 05:41:32.836271','2026-04-14 05:41:32.836295',58),(697,'monthly',40.00,'2026-01-01','2026-02-01',NULL,'overdue',NULL,'','2026-04-14 05:45:41.338358','2026-04-14 05:45:41.338393',59),(698,'monthly',40.00,'2026-02-01','2026-03-01',NULL,'waived',NULL,'','2026-04-14 05:45:41.339941','2026-04-14 05:45:41.339973',59),(699,'monthly',40.00,'2026-03-01','2026-04-01',NULL,'waived',NULL,'','2026-04-14 05:45:41.340540','2026-04-14 05:45:41.340565',59),(700,'monthly',40.00,'2026-04-01','2026-05-01',NULL,'pending',NULL,'','2026-04-14 05:45:41.341548','2026-04-14 05:45:41.341573',59),(701,'monthly',40.00,'2026-05-01','2026-06-01',NULL,'pending',NULL,'','2026-04-14 05:45:41.343110','2026-04-14 05:45:41.343139',59),(702,'monthly',40.00,'2026-06-01','2026-07-01',NULL,'pending',NULL,'','2026-04-14 05:45:41.345570','2026-04-14 05:45:41.345601',59),(703,'monthly',40.00,'2026-07-01','2026-08-01',NULL,'pending',NULL,'','2026-04-14 05:45:41.348002','2026-04-14 05:45:41.348035',59),(704,'monthly',40.00,'2026-08-01','2026-09-01',NULL,'pending',NULL,'','2026-04-14 05:45:41.351171','2026-04-14 05:45:41.351202',59),(705,'monthly',40.00,'2026-09-01','2026-10-01',NULL,'pending',NULL,'','2026-04-14 05:45:41.351783','2026-04-14 05:45:41.351807',59),(706,'monthly',40.00,'2026-10-01','2026-11-01',NULL,'pending',NULL,'','2026-04-14 05:45:41.352619','2026-04-14 05:45:41.352647',59),(707,'monthly',40.00,'2026-11-01','2026-12-01',NULL,'pending',NULL,'','2026-04-14 05:45:41.353340','2026-04-14 05:45:41.353366',59),(708,'monthly',40.00,'2026-12-01','2027-01-01',NULL,'pending',NULL,'','2026-04-14 05:45:41.356421','2026-04-14 05:45:41.356452',59),(709,'monthly',40.00,'2026-01-01','2026-02-01',NULL,'overdue',NULL,'','2026-04-14 05:47:42.336858','2026-04-14 05:47:42.336891',60),(710,'monthly',40.00,'2026-02-01','2026-03-01',NULL,'waived',NULL,'','2026-04-14 05:47:42.338311','2026-04-14 05:47:42.338341',60),(711,'monthly',40.00,'2026-03-01','2026-04-01',NULL,'waived',NULL,'','2026-04-14 05:47:42.338912','2026-04-14 05:47:42.338938',60),(712,'monthly',40.00,'2026-04-01','2026-05-01',NULL,'pending',NULL,'','2026-04-14 05:47:42.339532','2026-04-14 05:47:42.339559',60),(713,'monthly',40.00,'2026-05-01','2026-06-01',NULL,'pending',NULL,'','2026-04-14 05:47:42.341167','2026-04-14 05:47:42.341195',60),(714,'monthly',40.00,'2026-06-01','2026-07-01',NULL,'pending',NULL,'','2026-04-14 05:47:42.341772','2026-04-14 05:47:42.341797',60),(715,'monthly',40.00,'2026-07-01','2026-08-01',NULL,'pending',NULL,'','2026-04-14 05:47:42.343397','2026-04-14 05:47:42.343424',60),(716,'monthly',40.00,'2026-08-01','2026-09-01',NULL,'pending',NULL,'','2026-04-14 05:47:42.344010','2026-04-14 05:47:42.344057',60),(717,'monthly',40.00,'2026-09-01','2026-10-01',NULL,'pending',NULL,'','2026-04-14 05:47:42.344583','2026-04-14 05:47:42.344607',60),(718,'monthly',40.00,'2026-10-01','2026-11-01',NULL,'pending',NULL,'','2026-04-14 05:47:42.346368','2026-04-14 05:47:42.346395',60),(719,'monthly',40.00,'2026-11-01','2026-12-01',NULL,'pending',NULL,'','2026-04-14 05:47:42.346888','2026-04-14 05:47:42.346910',60),(720,'monthly',40.00,'2026-12-01','2027-01-01',NULL,'pending',NULL,'','2026-04-14 05:47:42.347430','2026-04-14 05:47:42.347454',60),(721,'monthly',40.00,'2026-01-01','2026-02-01',NULL,'overdue',NULL,'','2026-04-14 05:51:13.253571','2026-04-14 05:51:13.253615',61),(722,'monthly',40.00,'2026-02-01','2026-03-01',NULL,'waived',NULL,'','2026-04-14 05:51:13.256775','2026-04-14 05:51:13.256852',61),(723,'monthly',40.00,'2026-03-01','2026-04-01',NULL,'waived',NULL,'','2026-04-14 05:51:13.257525','2026-04-14 05:51:13.257559',61),(724,'monthly',40.00,'2026-04-01','2026-05-01',NULL,'pending',NULL,'','2026-04-14 05:51:13.258203','2026-04-14 05:51:13.258236',61),(725,'monthly',40.00,'2026-05-01','2026-06-01',NULL,'pending',NULL,'','2026-04-14 05:51:13.258886','2026-04-14 05:51:13.258916',61),(726,'monthly',40.00,'2026-06-01','2026-07-01',NULL,'pending',NULL,'','2026-04-14 05:51:13.261606','2026-04-14 05:51:13.261637',61),(727,'monthly',40.00,'2026-07-01','2026-08-01',NULL,'pending',NULL,'','2026-04-14 05:51:13.262968','2026-04-14 05:51:13.263000',61),(728,'monthly',40.00,'2026-08-01','2026-09-01',NULL,'pending',NULL,'','2026-04-14 05:51:13.263628','2026-04-14 05:51:13.263659',61),(729,'monthly',40.00,'2026-09-01','2026-10-01',NULL,'pending',NULL,'','2026-04-14 05:51:13.265926','2026-04-14 05:51:13.265957',61),(730,'monthly',40.00,'2026-10-01','2026-11-01',NULL,'pending',NULL,'','2026-04-14 05:51:13.266690','2026-04-14 05:51:13.266721',61),(731,'monthly',40.00,'2026-11-01','2026-12-01',NULL,'pending',NULL,'','2026-04-14 05:51:13.268532','2026-04-14 05:51:13.268563',61),(732,'monthly',40.00,'2026-12-01','2027-01-01',NULL,'pending',NULL,'','2026-04-14 05:51:13.269466','2026-04-14 05:51:13.269498',61),(733,'monthly',40.00,'2026-01-01','2026-02-01',NULL,'overdue',NULL,'','2026-04-14 05:55:30.783815','2026-04-14 05:55:30.783849',62),(734,'monthly',40.00,'2026-02-01','2026-03-01',NULL,'waived',NULL,'','2026-04-14 05:55:30.785785','2026-04-14 05:55:30.785816',62),(735,'monthly',40.00,'2026-03-01','2026-04-01',NULL,'waived',NULL,'','2026-04-14 05:55:30.787475','2026-04-14 05:55:30.787502',62),(736,'monthly',40.00,'2026-04-01','2026-05-01',NULL,'pending',NULL,'','2026-04-14 05:55:30.788252','2026-04-14 05:55:30.788280',62),(737,'monthly',40.00,'2026-05-01','2026-06-01',NULL,'pending',NULL,'','2026-04-14 05:55:30.788867','2026-04-14 05:55:30.788896',62),(738,'monthly',40.00,'2026-06-01','2026-07-01',NULL,'pending',NULL,'','2026-04-14 05:55:30.790401','2026-04-14 05:55:30.790428',62),(739,'monthly',40.00,'2026-07-01','2026-08-01',NULL,'pending',NULL,'','2026-04-14 05:55:30.790947','2026-04-14 05:55:30.790974',62),(740,'monthly',40.00,'2026-08-01','2026-09-01',NULL,'pending',NULL,'','2026-04-14 05:55:30.791586','2026-04-14 05:55:30.791610',62),(741,'monthly',40.00,'2026-09-01','2026-10-01',NULL,'pending',NULL,'','2026-04-14 05:55:30.792274','2026-04-14 05:55:30.792304',62),(742,'monthly',40.00,'2026-10-01','2026-11-01',NULL,'pending',NULL,'','2026-04-14 05:55:30.793329','2026-04-14 05:55:30.793354',62),(743,'monthly',40.00,'2026-11-01','2026-12-01',NULL,'pending',NULL,'','2026-04-14 05:55:30.793855','2026-04-14 05:55:30.793878',62),(744,'monthly',40.00,'2026-12-01','2027-01-01',NULL,'pending',NULL,'','2026-04-14 05:55:30.794430','2026-04-14 05:55:30.794456',62),(745,'monthly',40.00,'2026-01-01','2026-02-01',NULL,'overdue',NULL,'','2026-04-14 05:58:21.089214','2026-04-14 05:58:21.089275',63),(746,'monthly',40.00,'2026-02-01','2026-03-01',NULL,'waived',NULL,'','2026-04-14 05:58:21.091030','2026-04-14 05:58:21.092362',63),(747,'monthly',40.00,'2026-03-01','2026-04-01',NULL,'waived',NULL,'','2026-04-14 05:58:21.094195','2026-04-14 05:58:21.094227',63),(748,'monthly',40.00,'2026-04-01','2026-05-01',NULL,'pending',NULL,'','2026-04-14 05:58:21.094943','2026-04-14 05:58:21.094970',63),(749,'monthly',40.00,'2026-05-01','2026-06-01',NULL,'pending',NULL,'','2026-04-14 05:58:21.096699','2026-04-14 05:58:21.096777',63),(750,'monthly',40.00,'2026-06-01','2026-07-01',NULL,'pending',NULL,'','2026-04-14 05:58:21.097581','2026-04-14 05:58:21.097607',63),(751,'monthly',40.00,'2026-07-01','2026-08-01',NULL,'pending',NULL,'','2026-04-14 05:58:21.099471','2026-04-14 05:58:21.099502',63),(752,'monthly',40.00,'2026-08-01','2026-09-01',NULL,'pending',NULL,'','2026-04-14 05:58:21.100240','2026-04-14 05:58:21.100272',63),(753,'monthly',40.00,'2026-09-01','2026-10-01',NULL,'pending',NULL,'','2026-04-14 05:58:21.100899','2026-04-14 05:58:21.100929',63),(754,'monthly',40.00,'2026-10-01','2026-11-01',NULL,'pending',NULL,'','2026-04-14 05:58:21.101485','2026-04-14 05:58:21.101511',63),(755,'monthly',40.00,'2026-11-01','2026-12-01',NULL,'pending',NULL,'','2026-04-14 05:58:21.103584','2026-04-14 05:58:21.103610',63),(756,'monthly',40.00,'2026-12-01','2027-01-01',NULL,'pending',NULL,'','2026-04-14 05:58:21.104611','2026-04-14 05:58:21.104641',63),(757,'monthly',40.00,'2026-01-01','2026-02-01',NULL,'overdue',NULL,'','2026-04-14 06:00:19.688254','2026-04-14 06:00:19.688292',64),(758,'monthly',40.00,'2026-02-01','2026-03-01',NULL,'waived',NULL,'','2026-04-14 06:00:19.690474','2026-04-14 06:00:19.690508',64),(759,'monthly',40.00,'2026-03-01','2026-04-01',NULL,'waived',NULL,'','2026-04-14 06:00:19.691285','2026-04-14 06:00:19.691320',64),(760,'monthly',40.00,'2026-04-01','2026-05-01',NULL,'pending',NULL,'','2026-04-14 06:00:19.694333','2026-04-14 06:00:19.694361',64),(761,'monthly',40.00,'2026-05-01','2026-06-01',NULL,'pending',NULL,'','2026-04-14 06:00:19.696750','2026-04-14 06:00:19.696814',64),(762,'monthly',40.00,'2026-06-01','2026-07-01',NULL,'pending',NULL,'','2026-04-14 06:00:19.697446','2026-04-14 06:00:19.697475',64),(763,'monthly',40.00,'2026-07-01','2026-08-01',NULL,'pending',NULL,'','2026-04-14 06:00:19.698247','2026-04-14 06:00:19.698276',64),(764,'monthly',40.00,'2026-08-01','2026-09-01',NULL,'pending',NULL,'','2026-04-14 06:00:19.698927','2026-04-14 06:00:19.698956',64),(765,'monthly',40.00,'2026-09-01','2026-10-01',NULL,'pending',NULL,'','2026-04-14 06:00:19.700007','2026-04-14 06:00:19.700062',64),(766,'monthly',40.00,'2026-10-01','2026-11-01',NULL,'pending',NULL,'','2026-04-14 06:00:19.700621','2026-04-14 06:00:19.700648',64),(767,'monthly',40.00,'2026-11-01','2026-12-01',NULL,'pending',NULL,'','2026-04-14 06:00:19.701314','2026-04-14 06:00:19.701345',64),(768,'monthly',40.00,'2026-12-01','2027-01-01',NULL,'pending',NULL,'','2026-04-14 06:00:19.702159','2026-04-14 06:00:19.702187',64),(769,'monthly',40.00,'2026-01-01','2026-02-01',NULL,'overdue',NULL,'','2026-04-14 06:02:54.260709','2026-04-14 06:02:54.260748',65),(770,'monthly',40.00,'2026-02-01','2026-03-01',NULL,'waived',NULL,'','2026-04-14 06:02:54.264102','2026-04-14 06:02:54.264138',65),(771,'monthly',40.00,'2026-03-01','2026-04-01',NULL,'waived',NULL,'','2026-04-14 06:02:54.264849','2026-04-14 06:02:54.264884',65),(772,'monthly',40.00,'2026-04-01','2026-05-01',NULL,'pending',NULL,'','2026-04-14 06:02:54.265656','2026-04-14 06:02:54.265685',65),(773,'monthly',40.00,'2026-05-01','2026-06-01',NULL,'pending',NULL,'','2026-04-14 06:02:54.267168','2026-04-14 06:02:54.267201',65),(774,'monthly',40.00,'2026-06-01','2026-07-01',NULL,'pending',NULL,'','2026-04-14 06:02:54.267805','2026-04-14 06:02:54.267835',65),(775,'monthly',40.00,'2026-07-01','2026-08-01',NULL,'pending',NULL,'','2026-04-14 06:02:54.268407','2026-04-14 06:02:54.268432',65),(776,'monthly',40.00,'2026-08-01','2026-09-01',NULL,'pending',NULL,'','2026-04-14 06:02:54.268946','2026-04-14 06:02:54.268971',65),(777,'monthly',40.00,'2026-09-01','2026-10-01',NULL,'pending',NULL,'','2026-04-14 06:02:54.269543','2026-04-14 06:02:54.269571',65),(778,'monthly',40.00,'2026-10-01','2026-11-01',NULL,'pending',NULL,'','2026-04-14 06:02:54.271678','2026-04-14 06:02:54.271709',65),(779,'monthly',40.00,'2026-11-01','2026-12-01',NULL,'pending',NULL,'','2026-04-14 06:02:54.272348','2026-04-14 06:02:54.272376',65),(780,'monthly',40.00,'2026-12-01','2027-01-01',NULL,'pending',NULL,'','2026-04-14 06:02:54.272970','2026-04-14 06:02:54.273007',65),(781,'monthly',40.00,'2026-01-01','2026-02-01',NULL,'overdue',NULL,'','2026-04-14 06:05:53.623982','2026-04-14 06:05:53.624076',66),(782,'monthly',40.00,'2026-02-01','2026-03-01',NULL,'waived',NULL,'','2026-04-14 06:05:53.628233','2026-04-14 06:05:53.628268',66),(783,'monthly',40.00,'2026-03-01','2026-04-01',NULL,'waived',NULL,'','2026-04-14 06:05:53.628996','2026-04-14 06:05:53.629027',66),(784,'monthly',40.00,'2026-04-01','2026-05-01',NULL,'pending',NULL,'','2026-04-14 06:05:53.629707','2026-04-14 06:05:53.629732',66),(785,'monthly',40.00,'2026-05-01','2026-06-01',NULL,'pending',NULL,'','2026-04-14 06:05:53.630739','2026-04-14 06:05:53.630770',66),(786,'monthly',40.00,'2026-06-01','2026-07-01',NULL,'pending',NULL,'','2026-04-14 06:05:53.631378','2026-04-14 06:05:53.631404',66),(787,'monthly',40.00,'2026-07-01','2026-08-01',NULL,'pending',NULL,'','2026-04-14 06:05:53.632075','2026-04-14 06:05:53.632100',66),(788,'monthly',40.00,'2026-08-01','2026-09-01',NULL,'pending',NULL,'','2026-04-14 06:05:53.632696','2026-04-14 06:05:53.632722',66),(789,'monthly',40.00,'2026-09-01','2026-10-01',NULL,'pending',NULL,'','2026-04-14 06:05:53.634493','2026-04-14 06:05:53.634523',66),(790,'monthly',40.00,'2026-10-01','2026-11-01',NULL,'pending',NULL,'','2026-04-14 06:05:53.635158','2026-04-14 06:05:53.635189',66),(791,'monthly',40.00,'2026-11-01','2026-12-01',NULL,'pending',NULL,'','2026-04-14 06:05:53.635893','2026-04-14 06:05:53.635948',66),(792,'monthly',40.00,'2026-12-01','2027-01-01',NULL,'pending',NULL,'','2026-04-14 06:05:53.636520','2026-04-14 06:05:53.636547',66),(793,'monthly',40.00,'2026-01-01','2026-02-01',NULL,'overdue',NULL,'','2026-04-14 06:08:21.527235','2026-04-14 06:08:21.527271',67),(794,'monthly',40.00,'2026-02-01','2026-03-01',NULL,'waived',NULL,'','2026-04-14 06:08:21.529158','2026-04-14 06:08:21.529192',67),(795,'monthly',40.00,'2026-03-01','2026-04-01',NULL,'waived',NULL,'','2026-04-14 06:08:21.529839','2026-04-14 06:08:21.529866',67),(796,'monthly',40.00,'2026-04-01','2026-05-01',NULL,'pending',NULL,'','2026-04-14 06:08:21.531245','2026-04-14 06:08:21.531302',67),(797,'monthly',40.00,'2026-05-01','2026-06-01',NULL,'pending',NULL,'','2026-04-14 06:08:21.531882','2026-04-14 06:08:21.531909',67),(798,'monthly',40.00,'2026-06-01','2026-07-01',NULL,'pending',NULL,'','2026-04-14 06:08:21.533624','2026-04-14 06:08:21.533652',67),(799,'monthly',40.00,'2026-07-01','2026-08-01',NULL,'pending',NULL,'','2026-04-14 06:08:21.534272','2026-04-14 06:08:21.534296',67),(800,'monthly',40.00,'2026-08-01','2026-09-01',NULL,'pending',NULL,'','2026-04-14 06:08:21.534780','2026-04-14 06:08:21.534808',67),(801,'monthly',40.00,'2026-09-01','2026-10-01',NULL,'pending',NULL,'','2026-04-14 06:08:21.535619','2026-04-14 06:08:21.535650',67),(802,'monthly',40.00,'2026-10-01','2026-11-01',NULL,'pending',NULL,'','2026-04-14 06:08:21.536267','2026-04-14 06:08:21.536296',67),(803,'monthly',40.00,'2026-11-01','2026-12-01',NULL,'pending',NULL,'','2026-04-14 06:08:21.536910','2026-04-14 06:08:21.536937',67),(804,'monthly',40.00,'2026-12-01','2027-01-01',NULL,'pending',NULL,'','2026-04-14 06:08:21.537647','2026-04-14 06:08:21.537675',67),(805,'monthly',40.00,'2026-01-01','2026-02-01',NULL,'overdue',NULL,'','2026-04-14 06:10:15.388330','2026-04-14 06:10:15.388356',68),(806,'monthly',40.00,'2026-02-01','2026-03-01',NULL,'waived',NULL,'','2026-04-14 06:10:15.390331','2026-04-14 06:10:15.390359',68),(807,'monthly',40.00,'2026-03-01','2026-04-01',NULL,'waived',NULL,'','2026-04-14 06:10:15.391030','2026-04-14 06:10:15.391242',68),(808,'monthly',40.00,'2026-04-01','2026-05-01',NULL,'pending',NULL,'','2026-04-14 06:10:15.392341','2026-04-14 06:10:15.392373',68),(809,'monthly',40.00,'2026-05-01','2026-06-01',NULL,'pending',NULL,'','2026-04-14 06:10:15.393536','2026-04-14 06:10:15.393567',68),(810,'monthly',40.00,'2026-06-01','2026-07-01',NULL,'pending',NULL,'','2026-04-14 06:10:15.394669','2026-04-14 06:10:15.394696',68),(811,'monthly',40.00,'2026-07-01','2026-08-01',NULL,'pending',NULL,'','2026-04-14 06:10:15.397162','2026-04-14 06:10:15.397194',68),(812,'monthly',40.00,'2026-08-01','2026-09-01',NULL,'pending',NULL,'','2026-04-14 06:10:15.398149','2026-04-14 06:10:15.398296',68),(813,'monthly',40.00,'2026-09-01','2026-10-01',NULL,'pending',NULL,'','2026-04-14 06:10:15.399886','2026-04-14 06:10:15.399921',68),(814,'monthly',40.00,'2026-10-01','2026-11-01',NULL,'pending',NULL,'','2026-04-14 06:10:15.406542','2026-04-14 06:10:15.406573',68),(815,'monthly',40.00,'2026-11-01','2026-12-01',NULL,'pending',NULL,'','2026-04-14 06:10:15.407583','2026-04-14 06:10:15.407611',68),(816,'monthly',40.00,'2026-12-01','2027-01-01',NULL,'pending',NULL,'','2026-04-14 06:10:15.408568','2026-04-14 06:10:15.408601',68),(817,'monthly',40.00,'2026-01-01','2026-02-01',NULL,'overdue',NULL,'','2026-04-14 06:12:00.213217','2026-04-14 06:12:00.213259',69),(818,'monthly',40.00,'2026-02-01','2026-03-01',NULL,'waived',NULL,'','2026-04-14 06:12:00.214834','2026-04-14 06:12:00.214871',69),(819,'monthly',40.00,'2026-03-01','2026-04-01',NULL,'waived',NULL,'','2026-04-14 06:12:00.218021','2026-04-14 06:12:00.218077',69),(820,'monthly',40.00,'2026-04-01','2026-05-01',NULL,'pending',NULL,'','2026-04-14 06:12:00.218740','2026-04-14 06:12:00.218772',69),(821,'monthly',40.00,'2026-05-01','2026-06-01',NULL,'pending',NULL,'','2026-04-14 06:12:00.222482','2026-04-14 06:12:00.222514',69),(822,'monthly',40.00,'2026-06-01','2026-07-01',NULL,'pending',NULL,'','2026-04-14 06:12:00.223166','2026-04-14 06:12:00.223198',69),(823,'monthly',40.00,'2026-07-01','2026-08-01',NULL,'pending',NULL,'','2026-04-14 06:12:00.223822','2026-04-14 06:12:00.223854',69),(824,'monthly',40.00,'2026-08-01','2026-09-01',NULL,'pending',NULL,'','2026-04-14 06:12:00.224505','2026-04-14 06:12:00.224537',69),(825,'monthly',40.00,'2026-09-01','2026-10-01',NULL,'pending',NULL,'','2026-04-14 06:12:00.227335','2026-04-14 06:12:00.227368',69),(826,'monthly',40.00,'2026-10-01','2026-11-01',NULL,'pending',NULL,'','2026-04-14 06:12:00.229270','2026-04-14 06:12:00.229301',69),(827,'monthly',40.00,'2026-11-01','2026-12-01',NULL,'pending',NULL,'','2026-04-14 06:12:00.229933','2026-04-14 06:12:00.229965',69),(828,'monthly',40.00,'2026-12-01','2027-01-01',NULL,'pending',NULL,'','2026-04-14 06:12:00.230615','2026-04-14 06:12:00.230645',69);
/*!40000 ALTER TABLE `fees_fee` ENABLE KEYS */;
UNLOCK TABLES;

--
-- Table structure for table `schools_classschedule`
--

DROP TABLE IF EXISTS `schools_classschedule`;
/*!40101 SET @saved_cs_client     = @@character_set_client */;
/*!50503 SET character_set_client = utf8mb4 */;
CREATE TABLE `schools_classschedule` (
  `id` bigint NOT NULL AUTO_INCREMENT,
  `day` varchar(3) NOT NULL,
  `start_time` time(6) NOT NULL,
  `end_time` time(6) NOT NULL,
  `belt_level` varchar(50) NOT NULL,
  `instructor` varchar(100) NOT NULL,
  `is_active` tinyint(1) NOT NULL,
  `club_id` bigint NOT NULL,
  `school_id` bigint NOT NULL,
  PRIMARY KEY (`id`),
  KEY `schools_classschedule_club_id_1049c369_fk_schools_club_id` (`club_id`),
  KEY `schools_classschedule_school_id_2c451ea3_fk_schools_school_id` (`school_id`),
  CONSTRAINT `schools_classschedule_club_id_1049c369_fk_schools_club_id` FOREIGN KEY (`club_id`) REFERENCES `schools_club` (`id`),
  CONSTRAINT `schools_classschedule_school_id_2c451ea3_fk_schools_school_id` FOREIGN KEY (`school_id`) REFERENCES `schools_school` (`id`)
) ENGINE=InnoDB DEFAULT CHARSET=utf8mb4 COLLATE=utf8mb4_0900_ai_ci;
/*!40101 SET character_set_client = @saved_cs_client */;

--
-- Dumping data for table `schools_classschedule`
--

LOCK TABLES `schools_classschedule` WRITE;
/*!40000 ALTER TABLE `schools_classschedule` DISABLE KEYS */;
/*!40000 ALTER TABLE `schools_classschedule` ENABLE KEYS */;
UNLOCK TABLES;

--
-- Table structure for table `schools_club`
--

DROP TABLE IF EXISTS `schools_club`;
/*!40101 SET @saved_cs_client     = @@character_set_client */;
/*!50503 SET character_set_client = utf8mb4 */;
CREATE TABLE `schools_club` (
  `id` bigint NOT NULL AUTO_INCREMENT,
  `name` varchar(200) NOT NULL,
  `subdomain` varchar(50) NOT NULL,
  `logo` varchar(100) DEFAULT NULL,
  `primary_color` varchar(7) NOT NULL,
  `secondary_color` varchar(7) NOT NULL,
  `email` varchar(254) NOT NULL,
  `phone` varchar(20) NOT NULL,
  `address` longtext NOT NULL,
  `website` varchar(200) NOT NULL,
  `is_active` tinyint(1) NOT NULL,
  `subscription_tier` varchar(20) NOT NULL,
  `max_students` int NOT NULL,
  `subscription_expiry` date DEFAULT NULL,
  `created_at` datetime(6) NOT NULL,
  `updated_at` datetime(6) NOT NULL,
  PRIMARY KEY (`id`),
  UNIQUE KEY `subdomain` (`subdomain`)
) ENGINE=InnoDB AUTO_INCREMENT=4 DEFAULT CHARSET=utf8mb4 COLLATE=utf8mb4_0900_ai_ci;
/*!40101 SET character_set_client = @saved_cs_client */;

--
-- Dumping data for table `schools_club`
--

LOCK TABLES `schools_club` WRITE;
/*!40000 ALTER TABLE `schools_club` DISABLE KEYS */;
INSERT INTO `schools_club` VALUES (1,'Taekwondo System','ts','club_logos/dojang.png','#007bff','#6c757d','amyrul@msn.com','0122604141','Kamunting Taiping','',1,'free',50,NULL,'2026-04-09 05:39:07.698175','2026-04-09 05:39:16.652799'),(2,'Taiping Taekwondo Club','ttc','club_logos/ttcc.png','#007bff','#6c757d','dotprofile@gmail.com','0122604141','Taiping','',1,'free',50,NULL,'2026-04-09 05:43:40.247924','2026-04-09 05:43:40.247974'),(3,'Raintown TaeKwonDo Club','rtc','club_logos/raintown_g3kIShK.jpg','#007bff','#6c757d','raintown@msn.com','0103233120','Kamunting','',1,'free',50,NULL,'2026-04-09 05:49:39.000714','2026-04-09 05:49:39.000753');
/*!40000 ALTER TABLE `schools_club` ENABLE KEYS */;
UNLOCK TABLES;

--
-- Table structure for table `schools_contactinfo`
--

DROP TABLE IF EXISTS `schools_contactinfo`;
/*!40101 SET @saved_cs_client     = @@character_set_client */;
/*!50503 SET character_set_client = utf8mb4 */;
CREATE TABLE `schools_contactinfo` (
  `id` bigint NOT NULL AUTO_INCREMENT,
  `name` varchar(100) NOT NULL,
  `role` varchar(50) NOT NULL,
  `phone` varchar(20) NOT NULL,
  `email` varchar(254) NOT NULL,
  `is_emergency` tinyint(1) NOT NULL,
  `order` int NOT NULL,
  `club_id` bigint NOT NULL,
  PRIMARY KEY (`id`),
  KEY `schools_contactinfo_club_id_b72ed766_fk_schools_club_id` (`club_id`),
  CONSTRAINT `schools_contactinfo_club_id_b72ed766_fk_schools_club_id` FOREIGN KEY (`club_id`) REFERENCES `schools_club` (`id`)
) ENGINE=InnoDB DEFAULT CHARSET=utf8mb4 COLLATE=utf8mb4_0900_ai_ci;
/*!40101 SET character_set_client = @saved_cs_client */;

--
-- Dumping data for table `schools_contactinfo`
--

LOCK TABLES `schools_contactinfo` WRITE;
/*!40000 ALTER TABLE `schools_contactinfo` DISABLE KEYS */;
/*!40000 ALTER TABLE `schools_contactinfo` ENABLE KEYS */;
UNLOCK TABLES;

--
-- Table structure for table `schools_school`
--

DROP TABLE IF EXISTS `schools_school`;
/*!40101 SET @saved_cs_client     = @@character_set_client */;
/*!50503 SET character_set_client = utf8mb4 */;
CREATE TABLE `schools_school` (
  `id` bigint NOT NULL AUTO_INCREMENT,
  `name` varchar(200) NOT NULL,
  `code` varchar(20) NOT NULL,
  `address` longtext NOT NULL,
  `phone` varchar(15) NOT NULL,
  `email` varchar(254) NOT NULL,
  `monthly_fee` decimal(10,2) NOT NULL,
  `is_active` tinyint(1) NOT NULL,
  `created_at` datetime(6) NOT NULL,
  `club_id` bigint DEFAULT NULL,
  PRIMARY KEY (`id`),
  UNIQUE KEY `schools_school_club_id_code_b10c8374_uniq` (`club_id`,`code`),
  UNIQUE KEY `schools_school_club_id_name_f8c1f036_uniq` (`club_id`,`name`),
  CONSTRAINT `schools_school_club_id_6cf72f8e_fk_schools_club_id` FOREIGN KEY (`club_id`) REFERENCES `schools_club` (`id`)
) ENGINE=InnoDB AUTO_INCREMENT=6 DEFAULT CHARSET=utf8mb4 COLLATE=utf8mb4_0900_ai_ci;
/*!40101 SET character_set_client = @saved_cs_client */;

--
-- Dumping data for table `schools_school`
--

LOCK TABLES `schools_school` WRITE;
/*!40000 ALTER TABLE `schools_school` DISABLE KEYS */;
INSERT INTO `schools_school` VALUES (1,'SK KAMPUNG BOYAN','SKKB','Kampung Boyan Taiping','','',35.00,1,'2026-04-09 05:52:39.909580',2),(2,'SK AYER PUTIH','SKAP','Simpang Taiping','','',35.00,1,'2026-04-09 05:57:45.330405',2),(3,'SK SERI AMAN','SKSA','Pokok Assam, Taiping','','',35.00,1,'2026-04-09 05:58:29.288466',2),(4,'SK SELAMA','SKSL','Jalan Menteri, Selama Perak','','',35.00,1,'2026-04-09 06:00:27.193020',2),(5,'PRIMA BAGAN SERAI','PBSP','Prima Bagan Serai Perak','','',40.00,1,'2026-04-09 06:01:29.288950',2);
/*!40000 ALTER TABLE `schools_school` ENABLE KEYS */;
UNLOCK TABLES;

--
-- Table structure for table `schools_userprofile`
--

DROP TABLE IF EXISTS `schools_userprofile`;
/*!40101 SET @saved_cs_client     = @@character_set_client */;
/*!50503 SET character_set_client = utf8mb4 */;
CREATE TABLE `schools_userprofile` (
  `id` bigint NOT NULL AUTO_INCREMENT,
  `role` varchar(20) NOT NULL,
  `phone` varchar(15) NOT NULL,
  `club_id` bigint DEFAULT NULL,
  `user_id` int NOT NULL,
  PRIMARY KEY (`id`),
  UNIQUE KEY `user_id` (`user_id`),
  KEY `schools_userprofile_club_id_93bdbfb6_fk_schools_club_id` (`club_id`),
  CONSTRAINT `schools_userprofile_club_id_93bdbfb6_fk_schools_club_id` FOREIGN KEY (`club_id`) REFERENCES `schools_club` (`id`),
  CONSTRAINT `schools_userprofile_user_id_d2eb802b_fk_auth_user_id` FOREIGN KEY (`user_id`) REFERENCES `auth_user` (`id`)
) ENGINE=InnoDB AUTO_INCREMENT=4 DEFAULT CHARSET=utf8mb4 COLLATE=utf8mb4_0900_ai_ci;
/*!40101 SET character_set_client = @saved_cs_client */;

--
-- Dumping data for table `schools_userprofile`
--

LOCK TABLES `schools_userprofile` WRITE;
/*!40000 ALTER TABLE `schools_userprofile` DISABLE KEYS */;
INSERT INTO `schools_userprofile` VALUES (1,'coach','',2,2),(2,'coach','',2,3),(3,'club_admin','',2,4);
/*!40000 ALTER TABLE `schools_userprofile` ENABLE KEYS */;
UNLOCK TABLES;

--
-- Table structure for table `schools_userprofile_schools`
--

DROP TABLE IF EXISTS `schools_userprofile_schools`;
/*!40101 SET @saved_cs_client     = @@character_set_client */;
/*!50503 SET character_set_client = utf8mb4 */;
CREATE TABLE `schools_userprofile_schools` (
  `id` bigint NOT NULL AUTO_INCREMENT,
  `userprofile_id` bigint NOT NULL,
  `school_id` bigint NOT NULL,
  PRIMARY KEY (`id`),
  UNIQUE KEY `schools_userprofile_scho_userprofile_id_school_id_2d2939c8_uniq` (`userprofile_id`,`school_id`),
  KEY `schools_userprofile__school_id_b46798e8_fk_schools_s` (`school_id`),
  CONSTRAINT `schools_userprofile__school_id_b46798e8_fk_schools_s` FOREIGN KEY (`school_id`) REFERENCES `schools_school` (`id`),
  CONSTRAINT `schools_userprofile__userprofile_id_f60a7d05_fk_schools_u` FOREIGN KEY (`userprofile_id`) REFERENCES `schools_userprofile` (`id`)
) ENGINE=InnoDB AUTO_INCREMENT=6 DEFAULT CHARSET=utf8mb4 COLLATE=utf8mb4_0900_ai_ci;
/*!40101 SET character_set_client = @saved_cs_client */;

--
-- Dumping data for table `schools_userprofile_schools`
--

LOCK TABLES `schools_userprofile_schools` WRITE;
/*!40000 ALTER TABLE `schools_userprofile_schools` DISABLE KEYS */;
INSERT INTO `schools_userprofile_schools` VALUES (1,1,1),(2,2,2),(3,2,3),(4,2,4),(5,2,5);
/*!40000 ALTER TABLE `schools_userprofile_schools` ENABLE KEYS */;
UNLOCK TABLES;

--
-- Table structure for table `students_parent`
--

DROP TABLE IF EXISTS `students_parent`;
/*!40101 SET @saved_cs_client     = @@character_set_client */;
/*!50503 SET character_set_client = utf8mb4 */;
CREATE TABLE `students_parent` (
  `id` bigint NOT NULL AUTO_INCREMENT,
  `phone` varchar(20) NOT NULL,
  `relationship` varchar(50) NOT NULL,
  `created_at` datetime(6) NOT NULL,
  `user_id` int NOT NULL,
  `student_id` bigint NOT NULL,
  PRIMARY KEY (`id`),
  UNIQUE KEY `students_parent_user_id_student_id_c853728f_uniq` (`user_id`,`student_id`),
  KEY `students_parent_student_id_42cf9546_fk_students_student_id` (`student_id`),
  CONSTRAINT `students_parent_student_id_42cf9546_fk_students_student_id` FOREIGN KEY (`student_id`) REFERENCES `students_student` (`id`),
  CONSTRAINT `students_parent_user_id_4c06a8f5_fk_auth_user_id` FOREIGN KEY (`user_id`) REFERENCES `auth_user` (`id`)
) ENGINE=InnoDB AUTO_INCREMENT=57 DEFAULT CHARSET=utf8mb4 COLLATE=utf8mb4_0900_ai_ci;
/*!40101 SET character_set_client = @saved_cs_client */;

--
-- Dumping data for table `students_parent`
--

LOCK TABLES `students_parent` WRITE;
/*!40000 ALTER TABLE `students_parent` DISABLE KEYS */;
INSERT INTO `students_parent` VALUES (1,'','Parent','2026-04-14 02:07:13.554662',5,1),(2,'','Parent','2026-04-14 02:12:18.369634',6,2),(3,'','Parent','2026-04-14 02:17:22.485375',6,3),(4,'','Parent','2026-04-14 02:19:55.620476',7,4),(5,'','Parent','2026-04-14 02:25:52.805158',8,6),(6,'','Parent','2026-04-14 02:28:15.059535',6,7),(7,'','Parent','2026-04-14 02:35:38.097895',9,8),(8,'','Parent','2026-04-14 02:58:45.854131',10,10),(9,'','Parent','2026-04-14 03:02:01.043776',11,11),(10,'','Parent','2026-04-14 03:12:11.430022',12,12),(11,'','Parent','2026-04-14 03:15:22.877811',13,13),(12,'','Parent','2026-04-14 03:18:26.123242',14,14),(13,'','Parent','2026-04-14 03:21:49.624388',15,15),(14,'','Parent','2026-04-14 03:24:04.706238',16,16),(15,'','Parent','2026-04-14 03:26:18.939817',17,17),(16,'','Parent','2026-04-14 03:28:23.448676',17,18),(17,'','Parent','2026-04-14 03:31:31.378615',18,19),(18,'','Parent','2026-04-14 03:34:31.641487',19,20),(19,'','Parent','2026-04-14 03:45:28.432258',19,21),(20,'','Parent','2026-04-14 03:48:01.880626',20,22),(21,'','Parent','2026-04-14 03:51:51.408881',21,23),(22,'','Parent','2026-04-14 03:54:35.511032',22,24),(23,'','Parent','2026-04-14 03:56:24.443112',22,25),(24,'','Parent','2026-04-14 03:59:49.774282',23,26),(25,'','Parent','2026-04-14 04:02:14.682556',23,27),(26,'','Parent','2026-04-14 04:04:25.366850',24,28),(27,'','Parent','2026-04-14 04:06:52.071380',25,29),(28,'','Parent','2026-04-14 04:08:51.461522',25,30),(29,'','Parent','2026-04-14 04:11:17.608630',25,31),(30,'','Parent','2026-04-14 04:18:52.631769',26,32),(31,'','Parent','2026-04-14 04:22:12.301101',27,33),(32,'','Parent','2026-04-14 04:27:11.421233',28,34),(33,'','Parent','2026-04-14 04:29:54.965528',29,35),(34,'','Parent','2026-04-14 04:31:46.774411',29,36),(35,'','Parent','2026-04-14 04:34:50.601851',30,37),(36,'','Parent','2026-04-14 04:36:58.039925',30,38),(37,'','Parent','2026-04-14 04:39:15.720669',31,39),(38,'','Parent','2026-04-14 04:58:07.448830',32,40),(39,'','Parent','2026-04-14 05:01:06.260577',33,41),(40,'','Parent','2026-04-14 05:03:06.271782',33,42),(41,'','Parent','2026-04-14 05:14:36.145808',34,46),(42,'','Parent','2026-04-14 05:16:09.036644',34,47),(43,'','Parent','2026-04-14 05:17:43.121582',34,48),(44,'','Parent','2026-04-14 05:25:28.745833',35,52),(45,'','Parent','2026-04-14 05:29:06.721881',36,53),(46,'','Parent','2026-04-14 05:31:43.429746',37,54),(47,'','Parent','2026-04-14 05:33:42.280269',37,55),(48,'','Parent','2026-04-14 05:36:35.960714',38,56),(49,'','Parent','2026-04-14 05:45:41.336728',39,59),(50,'','Parent','2026-04-14 05:47:42.332813',39,60),(51,'','Parent','2026-04-14 05:55:30.782401',40,62),(52,'','Parent','2026-04-14 05:58:21.086131',41,63),(53,'','Parent','2026-04-14 06:05:53.621132',42,66),(54,'','Parent','2026-04-14 06:08:21.525712',43,67),(55,'','Parent','2026-04-14 06:10:15.387079',43,68),(56,'','Parent','2026-04-14 06:12:00.207294',37,69);
/*!40000 ALTER TABLE `students_parent` ENABLE KEYS */;
UNLOCK TABLES;

--
-- Table structure for table `students_student`
--

DROP TABLE IF EXISTS `students_student`;
/*!40101 SET @saved_cs_client     = @@character_set_client */;
/*!50503 SET character_set_client = utf8mb4 */;
CREATE TABLE `students_student` (
  `id` bigint NOT NULL AUTO_INCREMENT,
  `student_id` varchar(20) NOT NULL,
  `name` varchar(100) NOT NULL,
  `ic_number` varchar(12) NOT NULL,
  `date_of_birth` date NOT NULL,
  `gender` varchar(1) NOT NULL,
  `parent_ic` varchar(12) NOT NULL,
  `belt_rank` varchar(20) NOT NULL,
  `join_date` date NOT NULL,
  `is_active` tinyint(1) NOT NULL,
  `phone` varchar(15) NOT NULL,
  `email` varchar(254) NOT NULL,
  `address` longtext NOT NULL,
  `emergency_contact` varchar(15) NOT NULL,
  `emergency_name` varchar(100) NOT NULL,
  `medical_conditions` longtext NOT NULL,
  `blood_type` varchar(3) NOT NULL,
  `created_at` datetime(6) NOT NULL,
  `updated_at` datetime(6) NOT NULL,
  `club_id` bigint DEFAULT NULL,
  `school_id` bigint NOT NULL,
  PRIMARY KEY (`id`),
  UNIQUE KEY `student_id` (`student_id`),
  UNIQUE KEY `ic_number` (`ic_number`),
  KEY `students_student_club_id_fcfae758_fk_schools_club_id` (`club_id`),
  KEY `students_student_school_id_be4a7ab9_fk_schools_school_id` (`school_id`),
  CONSTRAINT `students_student_club_id_fcfae758_fk_schools_club_id` FOREIGN KEY (`club_id`) REFERENCES `schools_club` (`id`),
  CONSTRAINT `students_student_school_id_be4a7ab9_fk_schools_school_id` FOREIGN KEY (`school_id`) REFERENCES `schools_school` (`id`)
) ENGINE=InnoDB AUTO_INCREMENT=70 DEFAULT CHARSET=utf8mb4 COLLATE=utf8mb4_0900_ai_ci;
/*!40101 SET character_set_client = @saved_cs_client */;

--
-- Dumping data for table `students_student`
--

LOCK TABLES `students_student` WRITE;
/*!40000 ALTER TABLE `students_student` DISABLE KEYS */;
INSERT INTO `students_student` VALUES (1,'TTC2026001','MUHAMMAD HARITH NAUFAL BIN MOHAMAD NIZAR','140526070199','2014-05-26','M','880316355173','red_2','2023-08-01',1,'0124165852','','NO 41A, Lorong Sireh 2, Kampung Potong Pinang, 34000 Taiping, Perak','0124165852','Mohamad Nizar','','','2026-04-14 02:07:12.523799','2026-04-14 02:07:12.523840',2,3),(2,'TTC2026002','MUHAMMAD IZZUL DANIYAL BIN SAIPOL AZALI','160107080411','2016-01-07','M','800316035548','red_2','2023-08-01',1,'0198937407','','NO 7, Lorong 14, Taman Assamara, Pokok Assam, 34000 Taiping, Perak','0194505404','SAIPOL','','','2026-04-14 02:12:16.077303','2026-04-14 02:12:16.077339',2,3),(3,'TTC2026003','NUR INSYIRAH HAZIRAH BINTI MOHD YUSRI','140815080078','2014-08-15','F','800316035548','red_2','2023-08-01',1,'0125870176','','Lot 10384, Lorong Tepak, KG Potong Pinang, Pokok Assam, Taiping Perak','0125870176','NurulWani Binti Mokhtar','','','2026-04-14 02:17:22.473654','2026-04-14 02:17:22.473686',2,3),(4,'TTC2026004','MIA NUR IRDINA BT AHMAD AZIZI','140417080654','2014-04-17','F','830918086200','red_2','2023-08-01',1,'0125497059','','No 20, Lorong 12, Taman Semarak, 34000 Taiping Perak','0125497059','Maria Bt Mohd Lana','','','2026-04-14 02:19:54.683013','2026-04-14 02:19:54.683066',2,3),(5,'TTC2026005','MUHAMMAD FAWWAZ MIRZA BIN MOHD MULTAZAM','151203080701','2015-12-03','M','','red_2','2023-08-01',1,'0126196570','','No 7, Lorong 13, Taman Asammara 34000, Taiping, Perak','0126196570','Mohd Multazam','','','2026-04-14 02:23:17.216588','2026-04-14 02:23:17.216634',2,3),(6,'TTC2026006','NUR AYSHA BINTI AHMAD SYAHRIR','160728030062','2016-07-28','F','840413035239','blue_2','2023-10-01',1,'0199310676','','Simpang Taiping','0199310676','Ahmad Shahrir','','','2026-04-14 02:25:51.901380','2026-04-14 02:25:51.901414',2,3),(7,'TTC2026007','NUR IZZARA BINTI MOHD YUSRI','180819080194','2018-08-19','F','800316035548','white','2025-10-01',1,'0125870176','','Lot 10384 Lorong Tepak, KG Potong Pinang, Pokok Assam 34000 Taiping Perak','0125870176','NurulWani Binti Mokhtar','','','2026-04-14 02:28:15.046976','2026-04-14 02:28:15.047014',2,3),(8,'TTC2026008','AMANI RAESA BINTI ARIFF NAZWAN','150206080530','2015-02-06','F','740401087180','blue_2','2023-08-01',1,'0103955510','','No 33, Lorong Semarak, 2/3 Taman Semarak 2, 34000 Taiping, Perak','0103955510','Norzaimah Binti Mat Noor','autisme','','2026-04-14 02:35:37.019267','2026-04-14 02:35:37.019313',2,3),(9,'TTC2026009','MUHAMMAD IMAN BIN MOHD RIZAL','141020080423','2014-10-20','M','','blue_2','2023-08-01',1,'0194056924','','No 319 Pokok Assam','0194056924','Mak iman','','','2026-04-14 02:37:21.241742','2026-04-14 02:37:21.241784',2,3),(10,'TTC2026010','AUFA DURRANI BT MOHD FAISAL','140412020310','2014-04-12','F','820615085017','red_1','2023-10-01',1,'+60136421316','','No 388, Lorong Menteri 13, Taman Menteri, 34100, Selama Perak.','+60193311633','Mohd Faisal B Abd Rahman','','','2026-04-14 02:58:44.504861','2026-04-14 02:58:44.504897',2,4),(11,'TTC2026011','NAAZNEEN AAFIYA RAIHANAH BINTI MOHD ROHIZAN','131215080782','2013-12-15','F','800711085166','red_1','2023-10-01',1,'0194812853','','No 307 Persiaran Menteri 1, Taman Menteri Fasa 4, 34100 Selama Perak','0194812853','Noor Azreen Binti Mat Sani','','','2026-04-14 03:01:59.572534','2026-04-14 03:01:59.572576',2,4),(12,'TTC2026012','HAJAR NUR QAISARA BINTI ISHAK','130417080196','2013-04-17','F','740903086292','red_1','2023-10-01',1,'0195968973','','Lot 6637, Lorong 5, Taman Permai 2, 34100 Selama, Perak','0195968973','NORIHAN Binti Rawi','','','2026-04-14 03:12:10.020125','2026-04-14 03:12:10.020172',2,4),(13,'TTC2026013','UMAR AL FATTEH BIN ABD HAFIZ','130714080045','2013-07-14','M','841029086597','red_1','2023-10-01',1,'+60165349609','','No 387, Lorong Menteri 13, Taman Menteri 34100 Selama Perak','+60165349609','Abd Hafiz Bin Abd Halim','','','2026-04-14 03:15:21.691425','2026-04-14 03:15:21.691460',2,4),(14,'TTC2026014','MARYAM NURHASANAH BINTI ABDUL RAHMAN','140814080084','2014-08-14','F','790911025460','blue_2','2024-04-14',1,'0195781071','','No 188, Persiaran Menteri 2, Taman Menteri 34100 Selama Perak','01113074150','Mastura Bt Yob @ Ayob','','','2026-04-14 03:18:24.596684','2026-04-14 03:18:24.596739',2,4),(15,'TTC2026015','MUHAMMAD HAFIDH RIZQI BIN MOHD ISKANDAR','150117020691','2015-01-17','M','861228085288','blue_2','2026-04-14',1,'0167037482','','31 Lorong Seri Dahlia 2, Taman Seri Dahlia, 34100 Selama Perak','0167037482','Aida Zuriyani Binti Kamarunddin','','','2026-04-14 03:21:48.386542','2026-04-14 03:21:48.386585',2,4),(16,'TTC2026016','NUR AMNIEYA ZULAIKHA BINTI SHAMSUDIN','130827080930','2013-08-27','F','880829085164','red_1','2023-10-01',1,'0195562743','','No 118, Lorong 7, Taman Kaya, 34100 Selama Perak','0195562743','Nor Jurianti Binti Ahmad','','','2026-04-14 03:24:00.164886','2026-04-14 03:24:00.164928',2,4),(17,'TTC2026017','ABDUL BASIT BINTI DAUD','111023020357','2011-10-23','M','770327036218','blue_2','2025-04-14',1,'0195673931','','No 4 RPT 2 Kubu Gajah 34130 Selama Perak','0195673931','Hani Azema','','','2026-04-14 03:26:16.975715','2026-04-14 03:26:16.975756',2,4),(18,'TTC2026018','MUHD AL FATEH BIN MD RAMLY','161125080655','2016-11-25','M','770327036218','yellow_2','2025-04-14',1,'0195673931','','No RPT 2, Kubu Gajah, 34130 Selama Perak','0195673931','Hani Azema','','','2026-04-14 03:28:23.436493','2026-04-14 03:28:23.436564',2,4),(19,'TTC2026019','NUR IZZARA AULIYA BINTI MOHD KHAIRUN HAFIZ','171210140498','2017-12-10','F','630911084407','green_2','2025-04-14',1,'0195404373','','75, Taman Permai Jaya, 34199 Selama Perak','0195404373','Mohd Shukri Basri','','','2026-04-14 03:31:29.633313','2026-04-14 03:31:29.633383',2,4),(20,'TTC2026020','FARHA ANIQAH BINTI MHD IZWAN','151210031138','2015-12-10','F','860426295098','green_1','2025-04-14',1,'0196419830','','No 276, Jalan Taman Menteri 1, Taman Menteri, 34100 Selama Perak','0196419830','Mohd Izwan Bin Mhd Alkasirah','','','2026-04-14 03:34:30.572439','2026-04-14 03:34:30.572487',2,4),(21,'TTC2026021','UNAIS AMZAR BIN MHD IZWAN','130204030929','2013-02-04','M','860426295098','blue_1','2024-04-14',1,'0196419830','','No 276, Jalan Taman Menteri 1, Taman Menteri, 34100 Selama Perak','0196419830','Mohd Izwan Bin Mhd Alkasirah','','','2026-04-14 03:45:28.419539','2026-04-14 03:45:28.419580',2,4),(22,'TTC2026022','MUHAMMAD HAZIM WAFIUDDIN BIN HILME','150517070233','2015-05-17','M','760922086341','blue_1','2024-04-14',1,'0195175255','','8090, Lorong 8, Permai 2, 34100 Selama Perak','0195175255','Hilme Bin Hashim','','','2026-04-14 03:48:00.080955','2026-04-14 03:48:00.081002',2,4),(23,'TTC2026023','UMAR IZUDDIN BIN HAFIZZUDIN IZZAT','160911020049','2016-09-11','M','891013075514','red_1','2023-10-01',1,'0102172721','','Lot 986 Kampung Sg Jambu 34100 Selama Perak','0102172721','Azyan Binti Abas','','','2026-04-14 03:51:50.413415','2026-04-14 03:51:50.413461',2,4),(24,'TTC2026024','ADAM MUHAMMAD BIN MOHAMAD FARIQ','150519020993','2015-05-19','M','881214086165','green_2','2024-04-14',1,'0197779566','','No 98, Kg Redang Panjang, Ijok 34510 Batu Kurau Perak','0197779566','Mohamad Fariq','','','2026-04-14 03:54:33.492019','2026-04-14 03:54:33.492148',2,4),(25,'TTC2026025','ABU DZAR BIN MOHAMAD FARIQ','180427020387','2018-04-27','M','881214086165','green_2','2024-04-14',1,'0197779566','','No 98, Kg Redang Panjang, Ijok, 34510 Batu Kurau Perak','0197779566','Mohamad Fariq','','','2026-04-14 03:56:24.425373','2026-04-14 03:56:24.425433',2,4),(26,'TTC2026026','MUHAMMAD ASYAQIF IZZ ZAFRI B MOHD IDRIS','160829085911','2016-08-29','M','851108086009','red_1','2023-10-01',1,'0132471329','','No 21, Lorong Permai Lestari 4, Taman Permai Lestari 34100 Selama Perak','0132471329','Mod Idris B Ibrahim','','','2026-04-14 03:59:47.596867','2026-04-14 03:59:47.596913',2,4),(27,'TTC2026027','MUHAMMAD AMSYAR IZZ-ZIKRI B MOHD IDRIS','110830080669','2011-08-30','M','851108086009','red_1','2023-10-01',1,'0132471329','','No 21 Lorong Permai Lestari 4, Taman Permai Lestari 34100 Selama Perak','0132471329','Mohd Idris B Ibrahim','','','2026-04-14 04:02:14.670484','2026-04-14 04:02:14.670613',2,4),(28,'TTC2026028','NUR DARWISYAH BINTI MOHD SAUFI','160130020214','2016-01-30','F','880122085363','green_2','2024-04-14',1,'0195952861','','No 88, Sg Bayor Rantau Panjang, 34100 Selama Perak','0195952861','Mohd Saufi Bin Mohd Yusof','','','2026-04-14 04:04:22.886161','2026-04-14 04:04:22.886207',2,4),(29,'TTC2026029','MARISSA SAUSAN BINTI SHAHIRUL','161007020870','2016-10-07','F','841224085071','yellow_2','2024-04-14',1,'0194888268','','Lot 5331 Sungai Terap Luar, Kampung Sungai Terap, 34100 Selama Perak','0194888268','Shahirul Bin Samsudin','','','2026-04-14 04:06:50.728993','2026-04-14 04:06:50.731086',2,4),(30,'TTC2026030','SIDQI MUNIR BIN SHAHIRUl','130707021573','2013-07-07','M','841224085071','green_2','2024-04-14',1,'0194888268','','Lot 5331 Sungai Terap Luar, Kg Sungai Terap, 34100 Selama Perak','0194888268','Shahirul Bin Samsudin','','','2026-04-14 04:08:51.424274','2026-04-14 04:08:51.424316',2,4),(31,'TTC2026031','MUNA SAFFIYA BINTI SHAHIRUL','180709021062','2018-07-09','F','841224085071','yellow_2','2024-04-14',1,'0194888268','','Lot 5331, Sungai Terap Luar, Kampung Sungai Terap 34100 Selama Perak','0194888268','Shahirul Bin Samsudin','','','2026-04-14 04:11:17.573909','2026-04-14 04:11:17.573952',2,4),(32,'TTC2026032','NOOR SHAZLIZA ALYSHA BINTI A.D SHAM','090418080100','2009-04-18','F','841112086184','red_2','2023-08-01',1,'0125133810','','98, Kampung Air Putih, 34700 Simpang Taiping Perak','0125133810','Noor Ismaliza Binti Ismail','','','2026-04-14 04:18:51.465834','2026-04-14 04:18:51.465872',2,2),(33,'TTC2026033','NUR AMNA KHALISYA BINTI MOHAMAD KHAIRI','170406080824','2017-04-06','F','870422025814','yellow_2','2025-04-14',1,'0174604036','','No 10 Lorong 41 Taman Berkat 34700 Simpang Perak','0174604036','Nurhayati Binti Abd Rahim','','','2026-04-14 04:22:11.118654','2026-04-14 04:24:56.156371',2,2),(34,'TTC2026034','NUR ADELEA HUMAIRA BINTI KHAIRUL AKMAL','150701080386','2015-07-01','F','900805086256','blue_2','2026-04-14',1,'0133199269','','No 2, Kampung Setia, 34700 Simpang Perak','0133199269','Nurhidayah Binti Maznan','','','2026-04-14 04:27:10.044720','2026-04-14 04:27:10.044825',2,2),(35,'TTC2026035','ADAM HAKIMIE BIN MOHD KHAIRUL FIRDAUS','160525130485','2016-05-25','M','840228045355','blue_1','2024-04-14',1,'0143095308','','No 21, Lorong Aman 3, Taman Jebong Aman, 34700 Simpang Perak','0143095308','Mohd Khairul Firdaus Bin Khairudin','','','2026-04-14 04:29:53.975960','2026-04-14 04:29:53.975999',2,2),(36,'TTC2026036','ADAM DANIYAL BIN MOHD KHAIRUL FIRDAUS','131220130705','2013-12-20','M','840228045355','blue_1','2024-04-14',1,'0143095308','','No 21, Lorong Aman 3, Taman Jebong Aman, 34700 Simpang Perak','0143095308','Mohd Khairul Firdaus Bin Khairudin','','','2026-04-14 04:31:46.762972','2026-04-14 04:31:46.763016',2,2),(37,'TTC2026037','MUHAMMAD RAYYAN BIN MOHAMAD KAMAL','180222080415','2018-02-22','M','911222085052','green_2','2024-04-14',1,'01126420383','','No 5 Jalan Indah 2, Taman Selinsing Indah, 34400 Simpang Ampat Semanggol Perak','01126420383','Masyitoh Binti Yahya','','','2026-04-14 04:34:49.701636','2026-04-14 04:34:49.701678',2,2),(38,'TTC2026038','MUHAMMAD RAFIQ ARHAM BIN MOHAMAD KAMAL','150616080605','2015-06-16','M','911222085052','green_2','2024-04-14',1,'01126420383','','No 5, Jalan indah 2, Taman Selinsing Indah 34400 Simpang Ampat Semanggol Perak','01126420383','Masyitoh Binti Yahya','','','2026-04-14 04:36:58.030639','2026-04-14 04:36:58.030673',2,2),(39,'TTC2026039','MUHAMMAD HAFIZZUDDIN BIN ROSLEE','100126110087','2010-01-26','M','710812086695','red_2','2023-08-01',1,'0195698953','','No 33 Jalan Mewah Utama, Taman Pinang Seberang 34600 Kamunting Perak.','0195698953','Zulkifli Bin Yakob','','','2026-04-14 04:39:14.573058','2026-04-14 04:39:14.573098',2,2),(40,'TTC2026040','MUHAMMAD IRFAN MUHAIMIN JOHARI','110722060637','2011-07-22','M','810326086292','red_2','2023-08-01',1,'0175009794','','No 38 Batu 54, Kampung Setia Ayer Puteh, 34700 Simpang Perak','0175009794','Rosmina Binti Yakob','','','2026-04-14 04:58:06.495894','2026-04-14 04:58:06.495933',2,2),(41,'TTC2026041','MUHAMMAD DARWISY BIN MOHD KHAIRULNIZAM','150512020229','2015-05-12','M','850514065508','red_1','2023-08-01',1,'01133204456','','No 56 Lorong Aman 3, Taman Jebong Aman, 34700 Simpang Perak','01133204456','Nur Hafiza Binti Azam','','','2026-04-14 05:01:04.349080','2026-04-14 05:01:04.349121',2,2),(42,'TTC2026042','MUHAMMAD DANIAL','121006020469','2012-10-06','M','850514065508','red_2','2023-08-01',1,'01133204456','','No 56, Lorong Aman 3, Taman Jebong Aman 34700 Simpang Perak','01133204456','Nur Hafiza Binti Azam','','','2026-04-14 05:03:06.258941','2026-04-14 05:03:06.258978',2,2),(43,'TTC2026043','ADAM SUHAYL SYAHMIN BIN AZWAN','150203080965','2015-02-03','M','','blue_1','2026-04-14',1,'0143557018','','No 26, Lorong Aman 1, Taman Jebong Aman, 34700 Simpang Perak','0143557018','Sakina','','','2026-04-14 05:05:22.111843','2026-04-14 05:05:22.111881',2,2),(44,'TTC2026044','NUR ARIESYA DANIA BINTI ABDULLAH','091004100500','2009-10-04','F','','red_2','2023-08-01',1,'0193021265','','No 4 Jalan Hj Wahab, Kampung Air Puteh 34700 Simpang Perak','0193021265','Nenek','','','2026-04-14 05:09:06.039074','2026-04-14 05:09:06.039114',2,2),(45,'TTC2026045','ALIF ADAM  SHAZWAN BIN MOHAMMAD RIDHWAN','120811101697','2012-08-11','M','','red_2','2023-08-01',1,'0193021265','','No 4 Jalan Hj Wahab, Kampung Air Puteh, 34700 Simpang Perak','0193021265','Nenek','','','2026-04-14 05:11:29.833335','2026-04-14 05:11:29.833379',2,2),(46,'TTC2026046','WAN NUR SAFIYA QISTINA BINTI MEOR MOHAMAD SUHAIMI','110904080240','2011-09-04','F','750307065443','red_2','2023-08-01',1,'0185754430','','No 356 Lorong Anggerik, Taman Kamunting Jaya, 34600 Kamunting Perak','0185754430','Meor Mohamad Suhaimi Bin Meor Mohd Azhari','','','2026-04-14 05:14:34.507467','2026-04-14 05:14:34.507511',2,2),(47,'TTC2026047','WAN NUR SAFA QASRINA BINTI MEOR MOHAMAD SUHAIMI','140720080446','2014-07-20','F','750307065443','red_2','2023-08-01',1,'0185754430','','No 356 Lorong Anggerik, Taman Kamunting Jaya, 34600 Kamunting Perak','0185754430','Meor Mohamad Suhaimi Bin Meor Mohd Azhari','','','2026-04-14 05:16:09.025773','2026-04-14 05:16:09.025812',2,2),(48,'TTC2026048','WAN NUR SOFIA QAIREEN BINTI MEOR MOHAMAD SUHAIMI','161211080256','2016-12-11','F','750307065443','red_2','2023-08-01',1,'0185754430','','No 356 Lorong Anggerik, Taman Kamunting Jaya, 34600 Kamunting Perak','0185754430','Meor Mohamad Suhaimi Bin Meor Mohd Azhari','','','2026-04-14 05:17:43.108860','2026-04-14 05:17:43.108895',2,2),(49,'TTC2026049','MUHAMMAD SYAZWAN SYAHMI BIN SHARMAN','160928080507','2016-09-28','M','','yellow_2','2025-04-14',1,'01110789527','','No 4, Jalan Hj Wahab Kampung Air Puteh 34700 Simpang Perak','01110789527','Nenek','','','2026-04-14 05:19:58.952606','2026-04-14 05:19:58.952649',2,2),(50,'TTC2026050','MOHAMAD NOR KHAIREEN BIN AZHAR','141202080731','2014-12-02','M','','red_1','2026-04-14',1,'0175936641','','No 706 Lorong 23 Taman Berkat 34700 Simpang Perak','0175936641','Azhar','','','2026-04-14 05:21:30.813099','2026-04-14 05:21:30.813145',2,2),(51,'TTC2026051','NOR AMIZATULISYA BINTI AZHAR','120325080114','2012-03-25','F','','red_2','2023-08-01',1,'0175936641','','No 706 Lorong 23 Taman Berkat 34700 Simpang Perak','0175936641','Azhar','','','2026-04-14 05:23:05.353359','2026-04-14 05:23:05.353400',2,2),(52,'TTC2026052','UMMU NURR QHALISSYA BINTI ZULKIPLEE','160703070754','2016-07-03','F','820202135143','red_2','2023-08-01',1,'0195964346','','No 824 Lorong 29, Taman Berkat 34700 Simpang Taiping','0195964346','Ibu','','','2026-04-14 05:25:27.194905','2026-04-14 05:25:27.194942',2,2),(53,'TTC2026053','MUHAMMAD ARIFF FIQRY BIN MOHD FIKRIE','180512080907','2018-05-12','M','900225025203','blue_1','2024-04-14',1,'0132839482','','No 1, Lintang Prima 7, Reseidensi Prima Bagan Serai, 34300 Bagan Serai Perak','0132839482','Mohd Fikrie Abdul Rohani','','','2026-04-14 05:29:05.653333','2026-04-14 05:29:05.653374',2,5),(54,'TTC2026054','MUHAMMAD FIQHRUL SHAZMY BIN MOHD FAHMY','01111249941','2001-11-12','M','850317085745','white','2023-08-01',1,'01111249941','','No 31, Lorong Prima 8, Residensi Prima Bagan Serai, 34300 Bagan Serai Perak','01111249941','Mohd Fahmy Bin Ismail','','','2026-04-14 05:31:41.916181','2026-04-14 05:31:41.916268',2,5),(55,'TTC2026055','NUR SARAQASEH FALISHA BINTI MOHD FAHMY','170130070018','2017-01-30','F','850317085745','red_2','2023-08-01',1,'01111249941','','No 31, Lintang Prima 8, Residensi Prima Bagan Serai, 34300 Bagan Serai Perak','01111249941','Mohd Fahmy Bin Ismail','','','2026-04-14 05:33:42.269747','2026-04-14 05:33:42.269783',2,5),(56,'TTC2026056','MUHAMMAD RAYYAN BIN MUHAMMAD RUSYDI','140717070167','2014-07-17','M','870214146099','blue_1','2024-04-14',1,'0174833900','','No 52A, Lintang Prima 2, Residensi Prima Bagan Serai, 34300, Bagan Serai Perak','0174833900','Muhammad Rusydi Bin Izhari','','','2026-04-14 05:36:34.801411','2026-04-14 05:36:34.801455',2,5),(57,'TTC2026057','NUR MARSYA IRSALINA BINTI JEFRIAZMAN','151004080190','2015-10-04','F','','red_2','2023-08-01',1,'0175339187','','No 59, Lintang Prima 14, Residensi Prima Bagan Serai, 34300 Bagan Serai Perak','0175339187','Ibu','','','2026-04-14 05:38:39.048327','2026-04-14 05:38:39.048369',2,5),(58,'TTC2026058','MUHAMMAD AIMAN YUSUF BIN MOHD RAZMAN','160821080179','2016-08-21','M','','blue_1','2025-04-14',1,'0102553103','','Residensi Prima Bagan Serai','0102553103','Razman','','','2026-04-14 05:41:32.823165','2026-04-14 05:41:32.823201',2,5),(59,'TTC2026059','ADEL ABDUL RAHMAN BIN ABDULLAH','141231080351','2014-12-31','M','780928035711','green_2','2023-08-01',1,'0192402446','','No 59, Lintang Prima 18, Residensi Prima Bagan Serai, 34300 Bagan Serai Perak','0192402446','Abdullah Bin AB Rahman','','','2026-04-14 05:45:39.926165','2026-04-14 05:45:39.926209',2,5),(60,'TTC2026060','ADEEN HARITH BIN ABDULLAH','170613080595','2017-06-13','M','780928035711','green_2','2023-08-01',1,'0192402446','','No 59, Lintang Prima 18, Residensi Prima Bagan Serai, 34300 Bagan Serai Perak','0192402446','Abdullah Bin AB Rahman','','','2026-04-14 05:47:42.321139','2026-04-14 05:47:42.321182',2,5),(61,'TTC2026061','MUHAMMAD MUHRIZ ISKANDAR BIN JEFRIAZMAN','130221080397','2013-02-21','M','','red_2','2023-08-01',1,'0175339187','','No 59, Lintang Prima 14, Residensi Prima Bagan Serai 34300 Bagan Serai Perak','0175339187','Ibu','','','2026-04-14 05:51:13.246482','2026-04-14 05:51:13.246519',2,5),(62,'TTC2026062','MUHAMMAD NAUFAL ZIKRY BIN ZAIRIE AZRIL','120721080167','2012-07-21','M','840527085904','blue_2','2026-04-14',1,'0133504463','','No 53, Lintang Prima 8, Residensi Prima Bagan Serai, 34300 Bagan Serai Perak','0133504463','Nur Azura Binti Mohd Husny','','','2026-04-14 05:55:29.020605','2026-04-14 05:55:29.020983',2,5),(63,'TTC2026063','SOFEA AZZAHRA BINTI MOHAMAD SHAMIL SHAH','170622020308','2017-06-22','M','911228085862','red_1','2026-04-14',1,'0134593460','','No 43, Lintang Prima 8, Residensi Prima Bagan Serai, 34300 Bagan Serai Perak','0134593460','Asma binti Ismail','','','2026-04-14 05:58:18.246815','2026-04-14 05:58:18.246858',2,5),(64,'TTC2026064','FIRASH HADWAN ANAQI BIN ABD RAHIM','111217070299','2011-12-17','M','','red_2','2023-08-01',1,'0125030997','','No12A, Lintang Prima 4, Residensi Prima Bagan Serai, 34300 Bagan Serai Perak','0125030997','Abd Rahim','','','2026-04-14 06:00:19.679185','2026-04-14 06:00:19.679222',2,5),(65,'TTC2026065','MUHAMMAD ARYAN NUR HAFIY BIN SUHAILI','150606060491','2015-06-06','M','','red_2','2023-08-01',1,'01160558102','','No 53, Lintang 10, Residensi Prima Bagan Serai, 34300 Bagan Serai Perak','01160558102','Suhaili','','','2026-04-14 06:02:54.253514','2026-04-14 06:02:54.253556',2,5),(66,'TTC2026066','MUHAMMAD AFIQ NAUFAL BIN MOHAMMAD NAJMI','151231080545','2015-12-31','M','930526086226','red_2','2023-08-01',1,'0135969211','','No 8 Lintang Prima 1, Residensi Bagan Serai Perak','0135969211','Nur Zatulsuhaida Binti Ahmad Shakri','','','2026-04-14 06:05:52.533741','2026-04-14 06:05:52.533778',2,5),(67,'TTC2026067','MUHAMMAD IZZUL HADI BIN AZIZULHISYAM','140117010443','2014-01-17','M','851204015824','blue_2','2023-08-01',1,'0164438130','','No 42A Lintang Prima 23, Residensi Prima Bagan Serai Perak','0164438130','Eliana Izura Mohd Isa','','','2026-04-14 06:08:20.478071','2026-04-14 06:08:20.478110',2,5),(68,'TTC2026068','QISYA IZZ ZAHRA BINTI AZIZULHISYAM','170331010724','2017-03-31','F','851204015824','white','2026-04-14',1,'0164438130','','No 24A Lintang Prima 23, Residensi Prima Bagan Serai Perak','0164438130','Eliana Izura Mohd Isa','','','2026-04-14 06:10:15.375814','2026-04-14 06:10:15.378095',2,5),(69,'TTC2026069','NUR SARAQAIREEN FARHA BINTI MOHD FAHMY','190205070118','2019-02-05','F','850317085745','yellow_1','2025-10-01',1,'01111249941','','No 31, Lintang Prima 8, Residensi Prima Bagan Serai Perak','01111249941','Mohd Fahmy Bin Ismail','','','2026-04-14 06:12:00.190538','2026-04-14 06:12:00.190583',2,5);
/*!40000 ALTER TABLE `students_student` ENABLE KEYS */;
UNLOCK TABLES;
/*!40103 SET TIME_ZONE=@OLD_TIME_ZONE */;

/*!40101 SET SQL_MODE=@OLD_SQL_MODE */;
/*!40014 SET FOREIGN_KEY_CHECKS=@OLD_FOREIGN_KEY_CHECKS */;
/*!40014 SET UNIQUE_CHECKS=@OLD_UNIQUE_CHECKS */;
/*!40101 SET CHARACTER_SET_CLIENT=@OLD_CHARACTER_SET_CLIENT */;
/*!40101 SET CHARACTER_SET_RESULTS=@OLD_CHARACTER_SET_RESULTS */;
/*!40101 SET COLLATION_CONNECTION=@OLD_COLLATION_CONNECTION */;
/*!40111 SET SQL_NOTES=@OLD_SQL_NOTES */;

-- Dump completed on 2026-04-16 10:49:35
